"R"," R", "2","08:00:04.991769","172.16.112.20","172.16.118.255","RIPv1","66","Response"
"R"," R", "3","08:00:08.289390","","","LOOP","60","Reply"
"R"," R", "4","08:00:14.164770","172.16.112.100","172.16.255.255","BROWSER","247","Domain/Workgroup Announcement EYRIE, Domain Controller, NT Workstation, Domain Enum"
"R"," R", "5","08:00:18.380934","","","LOOP","60","Reply"
"R"," R", "6","08:00:25.707617","172.16.0.1","224.0.0.9","RIPv2","86","Response"
"R"," R", "7","08:00:28.271748","192.168.1.30","172.16.112.5","SNMP","146","get-request 1.3.6.1.2.1.1.3.0 1.3.6.1.2.1.2.2.1.10.14 1.3.6.1.2.1.2.2.1.16.14 1.3.6.1.2.1.2.2.1.11.14 1.3.6.1.2.1.2.2.1.17.14"
"R"," R", "8","08:00:28.308827","172.16.112.5","192.168.1.30","SNMP","177","get-response 1.3.6.1.2.1.1.3.0 1.3.6.1.2.1.2.2.1.10.14 1.3.6.1.2.1.2.2.1.16.14 1.3.6.1.2.1.2.2.1.11.14 1.3.6.1.2.1.2.2.1.17.14"
"R"," R", "9","08:00:28.550726","","","LOOP","60","Reply"
"R"," R", "10","08:00:34.985110","172.16.112.20","172.16.255.255","RIPv1","66","Response"
"R"," R", "11","08:00:34.985296","172.16.112.20","172.16.118.255","RIPv1","66","Response"
"R"," R", "12","08:00:38.550733","","","LOOP","60","Reply"
"R"," R", "13","08:00:39.783646","","","ARP","60","Who has 172.16.112.10? Tell 172.16.112.20"
"R"," R", "14","08:00:39.783703","","","ARP","42","172.16.112.10 is at 08:00:20:83:4a:82"
"R"," R", "15","08:00:46.278833","172.16.112.50","172.16.112.10","NTP","90","NTP Version 3, client"
"R"," R", "16","08:00:46.279345","172.16.112.10","172.16.112.50","NTP","90","NTP Version 3, server"
"R"," R", "17","08:00:47.728375","192.168.1.10","172.16.112.10","NTP","90","NTP Version 3, symmetric active"
"R"," R", "18","08:00:48.548576","","","LOOP","60","Reply"
"R"," R", "19","08:00:48.928796","172.16.114.50","172.16.112.10","NTP","90","NTP Version 3, client"
"R"," R", "20","08:00:48.929197","172.16.112.10","172.16.114.50","NTP","90","NTP Version 3, server"
"R"," R", "21","08:00:49.597636","172.16.115.234","172.16.112.100","NBNS","110","Refresh NB PC0<03>"
"R"," R", "22","08:00:51.099297","172.16.115.234","172.16.112.100","NBNS","110","Refresh NB PC0<03>"
"R"," R", "23","08:00:51.276876","192.168.1.30","172.16.112.5","SNMP","146","get-request 1.3.6.1.2.1.1.3.0 1.3.6.1.2.1.2.2.1.10.3 1.3.6.1.2.1.2.2.1.16.3 1.3.6.1.2.1.2.2.1.11.3 1.3.6.1.2.1.2.2.1.17.3"
"R"," R", "24","08:00:51.313779","172.16.112.5","192.168.1.30","SNMP","182","get-response 1.3.6.1.2.1.1.3.0 1.3.6.1.2.1.2.2.1.10.3 1.3.6.1.2.1.2.2.1.16.3 1.3.6.1.2.1.2.2.1.11.3 1.3.6.1.2.1.2.2.1.17.3"
"R"," R", "25","08:00:51.941688","172.16.112.20","172.16.112.10","NTP","90","NTP Version 3, client"
"R"," R", "26","08:00:51.942057","172.16.112.10","172.16.112.20","NTP","90","NTP Version 3, server"
"R"," R", "27","08:00:52.330207","172.16.0.1","224.0.0.9","RIPv2","86","Response"
"R"," R", "28","08:00:52.600905","172.16.115.234","172.16.112.100","NBNS","110","Refresh NB PC0<03>"
"R"," R", "29","08:00:53.177866","","","CDP","324","Device ID: loud.eyrie.af.mil.eyrie.af.mil  Port ID: Ethernet1  "
"R"," R", "30","08:00:57.899233","","","ARP","60","Who has 172.16.112.50? Tell 172.16.112.20"
"R"," R", "31","08:00:57.899411","","","ARP","60","172.16.112.50 is at 08:00:20:89:a5:9f"
"R"," R", "32","08:00:57.899587","172.16.114.148","172.16.112.50","TCP","60","1024 → 23 [SYN] Seq=0 Win=512 Len=0 MSS=1460"
"R"," R", "33","08:00:57.899999","","","ARP","60","Who has 172.16.114.148? Tell 172.16.112.50"
"R"," R", "34","08:00:57.900139","","","ARP","60","172.16.114.148 is at 00:c0:4f:a3:57:db"
"R"," R", "35","08:00:57.900412","172.16.112.50","172.16.114.148","TCP","60","23 → 1024 [SYN, ACK] Seq=0 Ack=1 Win=8760 Len=0 MSS=1460"
"R"," R", "36","08:00:57.900618","172.16.114.148","172.16.112.50","TCP","60","1024 → 23 [ACK] Seq=1 Ack=1 Win=32120 Len=0"
"R"," R", "37","08:00:57.901558","172.16.114.148","172.16.112.50","TELNET","78","Telnet Data ..."
"R"," R", "38","08:00:57.947631","172.16.112.50","172.16.114.148","TCP","60","23 → 1024 [ACK] Seq=1 Ack=25 Win=8760 Len=0"
"R"," R", "39","08:00:58.079178","172.16.112.50","172.16.112.20","DNS","87","Standard query 0x0002 PTR 148.114.16.172.in-addr.arpa"
"R"," R", "40","08:00:58.080462","172.16.112.20","172.16.112.50","DNS","174","Standard query response 0x0002 PTR 148.114.16.172.in-addr.arpa PTR crow.eyrie.af.mil NS hobbes.eyrie.af.mil A 172.16.112.20"
"R"," R", "41","08:00:58.080979","172.16.112.50","172.16.112.20","DNS","77","Standard query 0x0003 A crow.eyrie.af.mil"
"R"," R", "42","08:00:58.081441","172.16.112.20","172.16.112.50","DNS","142","Standard query response 0x0003 A crow.eyrie.af.mil A 172.16.114.148 NS hobbes.eyrie.af.mil A 172.16.112.20"
"R"," R", "43","08:00:58.081986","172.16.112.50","172.16.114.148","TELNET","69","Telnet Data ..."
"R"," R", "44","08:00:58.083386","172.16.114.148","172.16.112.50","TELNET","69","Telnet Data ..."
"R"," R", "45","08:00:58.083587","172.16.112.50","172.16.114.148","TELNET","69","Telnet Data ..."
"R"," R", "46","08:00:58.099662","172.16.114.148","172.16.112.50","TCP","60","1024 → 23 [ACK] Seq=40 Ack=31 Win=32120 Len=0"
"R"," R", "47","08:00:58.099828","172.16.112.50","172.16.114.148","TELNET","72","Telnet Data ..."
"R"," R", "48","08:00:58.119646","172.16.114.148","172.16.112.50","TCP","60","1024 → 23 [ACK] Seq=40 Ack=49 Win=32120 Len=0"
"R"," R", "49","08:00:58.193660","172.16.114.148","172.16.112.50","TELNET","70","Telnet Data ..."
"R"," R", "50","08:00:58.237440","172.16.112.50","172.16.114.148","TCP","60","23 → 1024 [ACK] Seq=49 Ack=56 Win=8760 Len=0"
"R"," R", "51","08:00:58.253627","172.16.112.50","172.16.114.148","TELNET","103","Telnet Data ..."
"R"," R", "52","08:00:58.269595","172.16.114.148","172.16.112.50","TCP","60","1024 → 23 [ACK] Seq=56 Ack=98 Win=32120 Len=0"
"R"," R", "53","08:00:58.269802","172.16.112.50","172.16.114.148","TELNET","60","Telnet Data ..."
"R"," R", "54","08:00:58.270072","172.16.114.148","172.16.112.50","TELNET","60","Telnet Data ..."
"R"," R", "55","08:00:58.270377","172.16.112.50","172.16.114.148","TELNET","60","Telnet Data ..."
"R"," R", "56","08:00:58.289584","172.16.114.148","172.16.112.50","TCP","60","1024 → 23 [ACK] Seq=62 Ack=107 Win=32120 Len=0"
"R"," R", "57","08:00:58.335048","172.16.112.50","172.16.112.20","DNS","90","Standard query 0x0004 A crow.eyrie.af.mil.eyrie.af.mil"
"R"," R", "58","08:00:58.336103","172.16.112.20","172.16.112.50","DNS","156","Standard query response 0x0004 No such name A crow.eyrie.af.mil.eyrie.af.mil SOA hobbes.eyrie.af.mil"
"R"," R", "59","08:00:58.336477","172.16.112.50","172.16.112.20","DNS","77","Standard query 0x0005 A crow.eyrie.af.mil"
"R"," R", "60","08:00:58.336945","172.16.112.20","172.16.112.50","DNS","142","Standard query response 0x0005 A crow.eyrie.af.mil A 172.16.114.148 NS hobbes.eyrie.af.mil A 172.16.112.20"
"R"," R", "61","08:00:58.356375","172.16.112.50","172.16.114.148","TELNET","61","Telnet Data ..."
"R"," R", "62","08:00:58.369574","172.16.114.148","172.16.112.50","TCP","60","1024 → 23 [ACK] Seq=62 Ack=114 Win=32120 Len=0"
"R"," R", "63","08:00:58.546387","","","LOOP","60","Reply"
"R"," R", "64","08:00:58.860512","172.16.114.148","172.16.112.50","TELNET","60","Telnet Data ..."
"R"," R", "65","08:00:58.860780","172.16.112.50","172.16.114.148","TELNET","60","Telnet Data ..."
"R"," R", "66","08:00:58.879465","172.16.114.148","172.16.112.50","TCP","60","1024 → 23 [ACK] Seq=63 Ack=115 Win=32120 Len=0"
"R"," R", "67","08:00:58.919601","172.16.114.148","172.16.112.50","TELNET","60","Telnet Data ..."
"R"," R", "68","08:00:58.919805","172.16.112.50","172.16.114.148","TELNET","60","Telnet Data ..."
"R"," R", "69","08:00:58.939446","172.16.114.148","172.16.112.50","TCP","60","1024 → 23 [ACK] Seq=64 Ack=116 Win=32120 Len=0"
"R"," R", "70","08:00:58.979562","172.16.114.148","172.16.112.50","TELNET","60","Telnet Data ..."
"R"," R", "71","08:00:58.979770","172.16.112.50","172.16.114.148","TELNET","60","Telnet Data ..."
"R"," R", "72","08:00:58.999432","172.16.114.148","172.16.112.50","TCP","60","1024 → 23 [ACK] Seq=65 Ack=117 Win=32120 Len=0"
"R"," R", "73","08:00:59.039528","172.16.114.148","172.16.112.50","TELNET","60","Telnet Data ..."
"R"," R", "74","08:00:59.039745","172.16.112.50","172.16.114.148","TELNET","60","Telnet Data ..."
"R"," R", "75","08:00:59.059420","172.16.114.148","172.16.112.50","TCP","60","1024 → 23 [ACK] Seq=66 Ack=118 Win=32120 Len=0"
"R"," R", "76","08:00:59.159505","172.16.114.148","172.16.112.50","TELNET","60","Telnet Data ..."
"R"," R", "77","08:00:59.159741","172.16.112.50","172.16.114.148","TELNET","60","Telnet Data ..."
"R"," R", "78","08:00:59.179394","172.16.114.148","172.16.112.50","TCP","60","1024 → 23 [ACK] Seq=67 Ack=119 Win=32120 Len=0"
"R"," R", "79","08:00:59.239498","172.16.114.148","172.16.112.50","TELNET","60","Telnet Data ..."
"R"," R", "80","08:00:59.239789","172.16.112.50","172.16.114.148","TELNET","60","Telnet Data ..."
"R"," R", "81","08:00:59.259378","172.16.114.148","172.16.112.50","TCP","60","1024 → 23 [ACK] Seq=68 Ack=120 Win=32120 Len=0"
"R"," R", "82","08:00:59.299473","172.16.114.148","172.16.112.50","TELNET","60","Telnet Data ..."
"R"," R", "83","08:00:59.299724","172.16.112.50","172.16.114.148","TELNET","60","Telnet Data ..."
"R"," R", "84","08:00:59.319366","172.16.114.148","172.16.112.50","TCP","60","1024 → 23 [ACK] Seq=69 Ack=121 Win=32120 Len=0"
"R"," R", "85","08:00:59.406787","172.16.114.148","172.16.112.50","TELNET","60","Telnet Data ..."
"R"," R", "86","08:00:59.407033","172.16.112.50","172.16.114.148","TELNET","60","Telnet Data ..."
"R"," R", "87","08:00:59.419351","172.16.114.148","172.16.112.50","TCP","60","1024 → 23 [ACK] Seq=71 Ack=123 Win=32120 Len=0"
"R"," R", "88","08:00:59.466658","172.16.112.50","172.16.114.148","TELNET","64","Telnet Data ..."
"R"," R", "89","08:00:59.479346","172.16.114.148","172.16.112.50","TCP","60","1024 → 23 [ACK] Seq=71 Ack=133 Win=32120 Len=0"
"R"," R", "90","08:00:59.785721","172.16.112.100","172.16.112.10","NTP","90","NTP Version 1, client"
"R"," R", "91","08:00:59.786171","172.16.112.10","172.16.112.100","NTP","90","NTP Version 1, server"
"R"," R", "92","08:00:59.970413","172.16.114.148","172.16.112.50","TELNET","60","Telnet Data ..."
"R"," R", "93","08:01:00.017239","172.16.112.50","172.16.114.148","TCP","60","23 → 1024 [ACK] Seq=133 Ack=72 Win=8760 Len=0"
"R"," R", "94","08:01:00.029323","172.16.114.148","172.16.112.50","TELNET","60","Telnet Data ..."
"R"," R", "95","08:01:00.077202","172.16.112.50","172.16.114.148","TCP","60","23 → 1024 [ACK] Seq=133 Ack=73 Win=8760 Len=0"
"R"," R", "96","08:01:00.079312","172.16.114.148","172.16.112.50","TELNET","60","Telnet Data ..."
"R"," R", "97","08:01:00.127206","172.16.112.50","172.16.114.148","TCP","60","23 → 1024 [ACK] Seq=133 Ack=74 Win=8760 Len=0"
"R"," R", "98","08:01:00.129300","172.16.114.148","172.16.112.50","TELNET","60","Telnet Data ..."
"R"," R", "99","08:01:00.177198","172.16.112.50","172.16.114.148","TCP","60","23 → 1024 [ACK] Seq=133 Ack=75 Win=8760 Len=0"
"R"," R", "100","08:01:00.179290","172.16.114.148","172.16.112.50","TELNET","60","Telnet Data ..."
"R"," R", "101","08:01:00.227193","172.16.112.50","172.16.114.148","TCP","60","23 → 1024 [ACK] Seq=133 Ack=76 Win=8760 Len=0"
"R"," R", "102","08:01:00.289277","172.16.114.148","172.16.112.50","TELNET","60","Telnet Data ..."
"R"," R", "103","08:01:00.337231","172.16.112.50","172.16.114.148","TCP","60","23 → 1024 [ACK] Seq=133 Ack=77 Win=8760 Len=0"
"R"," R", "104","08:01:00.399248","172.16.114.148","172.16.112.50","TELNET","60","Telnet Data ..."
"R"," R", "105","08:01:00.447175","172.16.112.50","172.16.114.148","TCP","60","23 → 1024 [ACK] Seq=133 Ack=78 Win=8760 Len=0"
"R"," R", "106","08:01:00.479261","172.16.114.148","172.16.112.50","TELNET","60","Telnet Data ..."
"R"," R", "107","08:01:00.527174","172.16.112.50","172.16.114.148","TCP","60","23 → 1024 [ACK] Seq=133 Ack=79 Win=8760 Len=0"
"R"," R", "108","08:01:00.530310","172.16.114.148","172.16.112.50","TELNET","60","Telnet Data ..."
"R"," R", "109","08:01:00.531087","172.16.112.50","172.16.114.148","TELNET","60","Telnet Data ..."
"R"," R", "110","08:01:00.549111","172.16.114.148","172.16.112.50","TCP","60","1024 → 23 [ACK] Seq=81 Ack=135 Win=32120 Len=0"
"R"," R", "111","08:01:01.135133","172.16.112.50","172.16.114.148","TELNET","1192","Telnet Data ..."
"R"," R", "112","08:01:01.148985","172.16.114.148","172.16.112.50","TCP","60","1024 → 23 [ACK] Seq=81 Ack=1273 Win=32120 Len=0"
"R"," R", "113","08:01:01.175455","172.16.112.50","172.16.114.148","TELNET","74","Telnet Data ..."
"R"," R", "114","08:01:01.188972","172.16.114.148","172.16.112.50","TCP","60","1024 → 23 [ACK] Seq=81 Ack=1293 Win=32120 Len=0"
"R"," R", "115","08:01:01.250724","172.16.112.50","172.16.114.148","TELNET","62","Telnet Data ..."
"R"," R", "116","08:01:01.268959","172.16.114.148","172.16.112.50","TCP","60","1024 → 23 [ACK] Seq=81 Ack=1301 Win=32120 Len=0"
"R"," R", "117","08:01:01.359622","172.16.114.148","172.16.112.50","TELNET","60","Telnet Data ..."
"R"," R", "118","08:01:01.387703","172.16.112.50","172.16.114.148","TELNET","60","Telnet Data ..."
"R"," R", "119","08:01:01.387859","172.16.114.148","172.16.112.50","TELNET","60","Telnet Data ..."
"R"," R", "120","08:01:01.388201","172.16.112.50","172.16.114.148","TELNET","60","Telnet Data ..."
"R"," R", "121","08:01:01.398927","172.16.114.148","172.16.112.50","TCP","60","1024 → 23 [ACK] Seq=83 Ack=1303 Win=32120 Len=0"
"R"," R", "122","08:01:01.399068","172.16.114.148","172.16.112.50","TELNET","60","Telnet Data ..."
"R"," R", "123","08:01:01.399378","172.16.112.50","172.16.114.148","TELNET","60","Telnet Data ..."
"R"," R", "124","08:01:01.418924","172.16.114.148","172.16.112.50","TCP","60","1024 → 23 [ACK] Seq=84 Ack=1304 Win=32120 Len=0"
"R"," R", "125","08:01:01.419063","172.16.114.148","172.16.112.50","TELNET","60","Telnet Data ..."
"R"," R", "126","08:01:01.419370","172.16.112.50","172.16.114.148","TELNET","60","Telnet Data ..."
"R"," R", "127","08:01:01.438919","172.16.114.148","172.16.112.50","TCP","60","1024 → 23 [ACK] Seq=85 Ack=1305 Win=32120 Len=0"
"R"," R", "128","08:01:01.439061","172.16.114.148","172.16.112.50","TELNET","60","Telnet Data ..."
"R"," R", "129","08:01:01.439370","172.16.112.50","172.16.114.148","TELNET","60","Telnet Data ..."
"R"," R", "130","08:01:01.458918","172.16.114.148","172.16.112.50","TCP","60","1024 → 23 [ACK] Seq=86 Ack=1306 Win=32120 Len=0"
"R"," R", "131","08:01:01.459055","172.16.114.148","172.16.112.50","TELNET","60","Telnet Data ..."
"R"," R", "132","08:01:01.459364","172.16.112.50","172.16.114.148","TELNET","60","Telnet Data ..."
"R"," R", "133","08:01:01.478921","172.16.114.148","172.16.112.50","TCP","60","1024 → 23 [ACK] Seq=87 Ack=1307 Win=32120 Len=0"
"R"," R", "134","08:01:01.479060","172.16.114.148","172.16.112.50","TELNET","60","Telnet Data ..."
"R"," R", "135","08:01:01.479366","172.16.112.50","172.16.114.148","TELNET","60","Telnet Data ..."
"R"," R", "136","08:01:01.498918","172.16.114.148","172.16.112.50","TCP","60","1024 → 23 [ACK] Seq=88 Ack=1308 Win=32120 Len=0"
"R"," R", "137","08:01:01.499047","172.16.114.148","172.16.112.50","TELNET","60","Telnet Data ..."
"R"," R", "138","08:01:01.499354","172.16.112.50","172.16.114.148","TELNET","60","Telnet Data ..."
"R"," R", "139","08:01:01.518902","172.16.114.148","172.16.112.50","TCP","60","1024 → 23 [ACK] Seq=89 Ack=1309 Win=32120 Len=0"
"R"," R", "140","08:01:01.519042","172.16.114.148","172.16.112.50","TELNET","60","Telnet Data ..."
"R"," R", "141","08:01:01.519353","172.16.112.50","172.16.114.148","TELNET","60","Telnet Data ..."
"R"," R", "142","08:01:01.538898","172.16.114.148","172.16.112.50","TCP","60","1024 → 23 [ACK] Seq=90 Ack=1310 Win=32120 Len=0"
"R"," R", "143","08:01:01.539038","172.16.114.148","172.16.112.50","TELNET","60","Telnet Data ..."
"R"," R", "144","08:01:01.539353","172.16.112.50","172.16.114.148","TELNET","60","Telnet Data ..."
"R"," R", "145","08:01:01.558893","172.16.114.148","172.16.112.50","TCP","60","1024 → 23 [ACK] Seq=91 Ack=1311 Win=32120 Len=0"
"R"," R", "146","08:01:01.559034","172.16.114.148","172.16.112.50","TELNET","60","Telnet Data ..."
"R"," R", "147","08:01:01.559344","172.16.112.50","172.16.114.148","TELNET","60","Telnet Data ..."
"R"," R", "148","08:01:01.578891","172.16.114.148","172.16.112.50","TCP","60","1024 → 23 [ACK] Seq=92 Ack=1312 Win=32120 Len=0"
"R"," R", "149","08:01:01.579030","172.16.114.148","172.16.112.50","TELNET","60","Telnet Data ..."
"R"," R", "150","08:01:01.579340","172.16.112.50","172.16.114.148","TELNET","60","Telnet Data ..."
"R"," R", "151","08:01:01.598886","172.16.114.148","172.16.112.50","TCP","60","1024 → 23 [ACK] Seq=93 Ack=1313 Win=32120 Len=0"
"R"," R", "152","08:01:01.599026","172.16.114.148","172.16.112.50","TELNET","60","Telnet Data ..."
"R"," R", "153","08:01:01.599341","172.16.112.50","172.16.114.148","TELNET","60","Telnet Data ..."
"R"," R", "154","08:01:01.618883","172.16.114.148","172.16.112.50","TCP","60","1024 → 23 [ACK] Seq=94 Ack=1314 Win=32120 Len=0"
"R"," R", "155","08:01:01.619021","172.16.114.148","172.16.112.50","TELNET","60","Telnet Data ..."
"R"," R", "156","08:01:01.619331","172.16.112.50","172.16.114.148","TELNET","60","Telnet Data ..."
"R"," R", "157","08:01:01.638877","172.16.114.148","172.16.112.50","TCP","60","1024 → 23 [ACK] Seq=95 Ack=1315 Win=32120 Len=0"
"R"," R", "158","08:01:01.639018","172.16.114.148","172.16.112.50","TELNET","60","Telnet Data ..."
"R"," R", "159","08:01:01.639325","172.16.112.50","172.16.114.148","TELNET","60","Telnet Data ..."
"R"," R", "160","08:01:01.658877","172.16.114.148","172.16.112.50","TCP","60","1024 → 23 [ACK] Seq=96 Ack=1316 Win=32120 Len=0"
"R"," R", "161","08:01:01.659027","172.16.114.148","172.16.112.50","TELNET","60","Telnet Data ..."
"R"," R", "162","08:01:01.659335","172.16.112.50","172.16.114.148","TELNET","60","Telnet Data ..."
"R"," R", "163","08:01:01.678868","172.16.114.148","172.16.112.50","TCP","60","1024 → 23 [ACK] Seq=97 Ack=1317 Win=32120 Len=0"
"R"," R", "164","08:01:01.679010","172.16.114.148","172.16.112.50","TELNET","60","Telnet Data ..."
"R"," R", "165","08:01:01.679318","172.16.112.50","172.16.114.148","TELNET","60","Telnet Data ..."
"R"," R", "166","08:01:01.698865","172.16.114.148","172.16.112.50","TCP","60","1024 → 23 [ACK] Seq=98 Ack=1318 Win=32120 Len=0"
"R"," R", "167","08:01:01.699007","172.16.114.148","172.16.112.50","TELNET","60","Telnet Data ..."
"R"," R", "168","08:01:01.699312","172.16.112.50","172.16.114.148","TELNET","60","Telnet Data ..."
"R"," R", "169","08:01:01.718863","172.16.114.148","172.16.112.50","TCP","60","1024 → 23 [ACK] Seq=99 Ack=1319 Win=32120 Len=0"
"R"," R", "170","08:01:01.719005","172.16.114.148","172.16.112.50","TELNET","60","Telnet Data ..."
"R"," R", "171","08:01:01.719314","172.16.112.50","172.16.114.148","TELNET","60","Telnet Data ..."
"R"," R", "172","08:01:01.738871","172.16.114.148","172.16.112.50","TCP","60","1024 → 23 [ACK] Seq=100 Ack=1320 Win=32120 Len=0"
"R"," R", "173","08:01:01.738998","172.16.114.148","172.16.112.50","TELNET","60","Telnet Data ..."
"R"," R", "174","08:01:01.739308","172.16.112.50","172.16.114.148","TELNET","60","Telnet Data ..."
"R"," R", "175","08:01:01.758856","172.16.114.148","172.16.112.50","TCP","60","1024 → 23 [ACK] Seq=101 Ack=1321 Win=32120 Len=0"
"R"," R", "176","08:01:01.758997","172.16.114.148","172.16.112.50","TELNET","60","Telnet Data ..."
"R"," R", "177","08:01:01.759305","172.16.112.50","172.16.114.148","TELNET","60","Telnet Data ..."
"R"," R", "178","08:01:01.778852","172.16.114.148","172.16.112.50","TCP","60","1024 → 23 [ACK] Seq=102 Ack=1322 Win=32120 Len=0"
"R"," R", "179","08:01:01.778993","172.16.114.148","172.16.112.50","TELNET","60","Telnet Data ..."
"R"," R", "180","08:01:01.779298","172.16.112.50","172.16.114.148","TELNET","60","Telnet Data ..."
"R"," R", "181","08:01:01.798846","172.16.114.148","172.16.112.50","TCP","60","1024 → 23 [ACK] Seq=103 Ack=1323 Win=32120 Len=0"
"R"," R", "182","08:01:01.798987","172.16.114.148","172.16.112.50","TELNET","60","Telnet Data ..."
"R"," R", "183","08:01:01.799298","172.16.112.50","172.16.114.148","TELNET","60","Telnet Data ..."
"R"," R", "184","08:01:01.818840","172.16.114.148","172.16.112.50","TCP","60","1024 → 23 [ACK] Seq=104 Ack=1324 Win=32120 Len=0"
"R"," R", "185","08:01:01.818981","172.16.114.148","172.16.112.50","TELNET","60","Telnet Data ..."
"R"," R", "186","08:01:01.819288","172.16.112.50","172.16.114.148","TELNET","60","Telnet Data ..."
"R"," R", "187","08:01:01.838836","172.16.114.148","172.16.112.50","TCP","60","1024 → 23 [ACK] Seq=105 Ack=1325 Win=32120 Len=0"
"R"," R", "188","08:01:01.838978","172.16.114.148","172.16.112.50","TELNET","60","Telnet Data ..."
"R"," R", "189","08:01:01.839292","172.16.112.50","172.16.114.148","TELNET","60","Telnet Data ..."
"R"," R", "190","08:01:01.858834","172.16.114.148","172.16.112.50","TCP","60","1024 → 23 [ACK] Seq=106 Ack=1326 Win=32120 Len=0"
"R"," R", "191","08:01:01.858974","172.16.114.148","172.16.112.50","TELNET","60","Telnet Data ..."
"R"," R", "192","08:01:01.859286","172.16.112.50","172.16.114.148","TELNET","60","Telnet Data ..."
"R"," R", "193","08:01:01.878831","172.16.114.148","172.16.112.50","TCP","60","1024 → 23 [ACK] Seq=107 Ack=1327 Win=32120 Len=0"
"R"," R", "194","08:01:01.878974","172.16.114.148","172.16.112.50","TELNET","60","Telnet Data ..."
"R"," R", "195","08:01:01.879288","172.16.112.50","172.16.114.148","TELNET","60","Telnet Data ..."
"R"," R", "196","08:01:01.898834","172.16.114.148","172.16.112.50","TCP","60","1024 → 23 [ACK] Seq=108 Ack=1328 Win=32120 Len=0"
"R"," R", "197","08:01:01.898965","172.16.114.148","172.16.112.50","TELNET","60","Telnet Data ..."
"R"," R", "198","08:01:01.899273","172.16.112.50","172.16.114.148","TELNET","60","Telnet Data ..."
"R"," R", "199","08:01:01.918817","172.16.114.148","172.16.112.50","TCP","60","1024 → 23 [ACK] Seq=109 Ack=1329 Win=32120 Len=0"
"R"," R", "200","08:01:01.918959","172.16.114.148","172.16.112.50","TELNET","60","Telnet Data ..."
"R"," R", "201","08:01:01.919266","172.16.112.50","172.16.114.148","TELNET","60","Telnet Data ..."
"R"," R", "202","08:01:01.938812","172.16.114.148","172.16.112.50","TCP","60","1024 → 23 [ACK] Seq=110 Ack=1330 Win=32120 Len=0"
"R"," R", "203","08:01:01.939083","172.16.114.148","172.16.112.50","TELNET","60","Telnet Data ..."
"R"," R", "204","08:01:01.939394","172.16.112.50","172.16.114.148","TELNET","60","Telnet Data ..."
"R"," R", "205","08:01:01.958811","172.16.114.148","172.16.112.50","TCP","60","1024 → 23 [ACK] Seq=111 Ack=1331 Win=32120 Len=0"
"R"," R", "206","08:01:01.958951","172.16.114.148","172.16.112.50","TELNET","60","Telnet Data ..."
"R"," R", "207","08:01:01.959255","172.16.112.50","172.16.114.148","TELNET","60","Telnet Data ..."
"R"," R", "208","08:01:01.978820","172.16.114.148","172.16.112.50","TCP","60","1024 → 23 [ACK] Seq=112 Ack=1332 Win=32120 Len=0"
"R"," R", "209","08:01:01.980201","172.16.114.148","172.16.112.50","TELNET","60","Telnet Data ..."
"R"," R", "210","08:01:01.980517","172.16.112.50","172.16.114.148","TELNET","60","Telnet Data ..."
"R"," R", "211","08:01:01.998800","172.16.114.148","172.16.112.50","TCP","60","1024 → 23 [ACK] Seq=114 Ack=1336 Win=32120 Len=0"
"R"," R", "212","08:01:02.089447","172.16.114.148","172.16.112.50","TELNET","60","Telnet Data ..."
"R"," R", "213","08:01:02.089778","172.16.112.50","172.16.114.148","TELNET","60","Telnet Data ..."
"R"," R", "214","08:01:02.108778","172.16.114.148","172.16.112.50","TCP","60","1024 → 23 [ACK] Seq=115 Ack=1337 Win=32120 Len=0"
"R"," R", "215","08:01:02.108921","172.16.114.148","172.16.112.50","TELNET","60","Telnet Data ..."
"R"," R", "216","08:01:02.109151","172.16.112.50","172.16.114.148","TELNET","60","Telnet Data ..."
"R"," R", "217","08:01:02.128774","172.16.114.148","172.16.112.50","TCP","60","1024 → 23 [ACK] Seq=116 Ack=1338 Win=32120 Len=0"
"R"," R", "218","08:01:02.128914","172.16.114.148","172.16.112.50","TELNET","60","Telnet Data ..."
"R"," R", "219","08:01:02.129129","172.16.112.50","172.16.114.148","TELNET","60","Telnet Data ..."
"R"," R", "220","08:01:02.148769","172.16.114.148","172.16.112.50","TCP","60","1024 → 23 [ACK] Seq=117 Ack=1339 Win=32120 Len=0"
"R"," R", "221","08:01:02.148910","172.16.114.148","172.16.112.50","TELNET","60","Telnet Data ..."
"R"," R", "222","08:01:02.149130","172.16.112.50","172.16.114.148","TELNET","60","Telnet Data ..."
"R"," R", "223","08:01:02.168765","172.16.114.148","172.16.112.50","TCP","60","1024 → 23 [ACK] Seq=118 Ack=1340 Win=32120 Len=0"
"R"," R", "224","08:01:02.168907","172.16.114.148","172.16.112.50","TELNET","60","Telnet Data ..."
"R"," R", "225","08:01:02.169122","172.16.112.50","172.16.114.148","TELNET","60","Telnet Data ..."
"R"," R", "226","08:01:02.188760","172.16.114.148","172.16.112.50","TCP","60","1024 → 23 [ACK] Seq=119 Ack=1341 Win=32120 Len=0"
"R"," R", "227","08:01:02.188902","172.16.114.148","172.16.112.50","TELNET","60","Telnet Data ..."
"R"," R", "228","08:01:02.189118","172.16.112.50","172.16.114.148","TELNET","60","Telnet Data ..."
"R"," R", "229","08:01:02.208756","172.16.114.148","172.16.112.50","TCP","60","1024 → 23 [ACK] Seq=120 Ack=1342 Win=32120 Len=0"
"R"," R", "230","08:01:02.208896","172.16.114.148","172.16.112.50","TELNET","60","Telnet Data ..."
"R"," R", "231","08:01:02.209115","172.16.112.50","172.16.114.148","TELNET","60","Telnet Data ..."
"R"," R", "232","08:01:02.228765","172.16.114.148","172.16.112.50","TCP","60","1024 → 23 [ACK] Seq=121 Ack=1343 Win=32120 Len=0"
"R"," R", "233","08:01:02.228901","172.16.114.148","172.16.112.50","TELNET","60","Telnet Data ..."
"R"," R", "234","08:01:02.229119","172.16.112.50","172.16.114.148","TELNET","60","Telnet Data ..."
"R"," R", "235","08:01:02.248761","172.16.114.148","172.16.112.50","TCP","60","1024 → 23 [ACK] Seq=122 Ack=1344 Win=32120 Len=0"
"R"," R", "236","08:01:02.248889","172.16.114.148","172.16.112.50","TELNET","60","Telnet Data ..."
"R"," R", "237","08:01:02.249106","172.16.112.50","172.16.114.148","TELNET","60","Telnet Data ..."
"R"," R", "238","08:01:02.268743","172.16.114.148","172.16.112.50","TCP","60","1024 → 23 [ACK] Seq=123 Ack=1345 Win=32120 Len=0"
"R"," R", "239","08:01:02.268885","172.16.114.148","172.16.112.50","TELNET","60","Telnet Data ..."
"R"," R", "240","08:01:02.269099","172.16.112.50","172.16.114.148","TELNET","60","Telnet Data ..."
"R"," R", "241","08:01:02.288738","172.16.114.148","172.16.112.50","TCP","60","1024 → 23 [ACK] Seq=124 Ack=1346 Win=32120 Len=0"
"R"," R", "242","08:01:02.288881","172.16.114.148","172.16.112.50","TELNET","60","Telnet Data ..."
"R"," R", "243","08:01:02.289109","172.16.112.50","172.16.114.148","TELNET","60","Telnet Data ..."
"R"," R", "244","08:01:02.308734","172.16.114.148","172.16.112.50","TCP","60","1024 → 23 [ACK] Seq=125 Ack=1347 Win=32120 Len=0"
"R"," R", "245","08:01:02.308877","172.16.114.148","172.16.112.50","TELNET","60","Telnet Data ..."
"R"," R", "246","08:01:02.309092","172.16.112.50","172.16.114.148","TELNET","60","Telnet Data ..."
"R"," R", "247","08:01:02.328730","172.16.114.148","172.16.112.50","TCP","60","1024 → 23 [ACK] Seq=126 Ack=1348 Win=32120 Len=0"
"R"," R", "248","08:01:02.328872","172.16.114.148","172.16.112.50","TELNET","60","Telnet Data ..."
"R"," R", "249","08:01:02.329087","172.16.112.50","172.16.114.148","TELNET","60","Telnet Data ..."
"R"," R", "250","08:01:02.348726","172.16.114.148","172.16.112.50","TCP","60","1024 → 23 [ACK] Seq=127 Ack=1349 Win=32120 Len=0"
"R"," R", "251","08:01:02.348870","172.16.114.148","172.16.112.50","TELNET","60","Telnet Data ..."
"R"," R", "252","08:01:02.349093","172.16.112.50","172.16.114.148","TELNET","60","Telnet Data ..."
"R"," R", "253","08:01:02.368722","172.16.114.148","172.16.112.50","TCP","60","1024 → 23 [ACK] Seq=128 Ack=1350 Win=32120 Len=0"
"R"," R", "254","08:01:02.368863","172.16.114.148","172.16.112.50","TELNET","60","Telnet Data ..."
"R"," R", "255","08:01:02.369081","172.16.112.50","172.16.114.148","TELNET","60","Telnet Data ..."
"R"," R", "256","08:01:02.388718","172.16.114.148","172.16.112.50","TCP","60","1024 → 23 [ACK] Seq=129 Ack=1351 Win=32120 Len=0"
"R"," R", "257","08:01:02.388880","172.16.114.148","172.16.112.50","TELNET","60","Telnet Data ..."
"R"," R", "258","08:01:02.389096","172.16.112.50","172.16.114.148","TELNET","60","Telnet Data ..."
"R"," R", "259","08:01:02.408713","172.16.114.148","172.16.112.50","TCP","60","1024 → 23 [ACK] Seq=130 Ack=1352 Win=32120 Len=0"
"R"," R", "260","08:01:02.408858","172.16.114.148","172.16.112.50","TELNET","60","Telnet Data ..."
"R"," R", "261","08:01:02.409072","172.16.112.50","172.16.114.148","TELNET","60","Telnet Data ..."
"R"," R", "262","08:01:02.428710","172.16.114.148","172.16.112.50","TCP","60","1024 → 23 [ACK] Seq=131 Ack=1353 Win=32120 Len=0"
"R"," R", "263","08:01:02.428852","172.16.114.148","172.16.112.50","TELNET","60","Telnet Data ..."
"R"," R", "264","08:01:02.429067","172.16.112.50","172.16.114.148","TELNET","60","Telnet Data ..."
"R"," R", "265","08:01:02.448705","172.16.114.148","172.16.112.50","TCP","60","1024 → 23 [ACK] Seq=132 Ack=1354 Win=32120 Len=0"
"R"," R", "266","08:01:02.448847","172.16.114.148","172.16.112.50","TELNET","60","Telnet Data ..."
"R"," R", "267","08:01:02.449062","172.16.112.50","172.16.114.148","TELNET","60","Telnet Data ..."
"R"," R", "268","08:01:02.468703","172.16.114.148","172.16.112.50","TCP","60","1024 → 23 [ACK] Seq=133 Ack=1355 Win=32120 Len=0"
"R"," R", "269","08:01:02.468843","172.16.114.148","172.16.112.50","TELNET","60","Telnet Data ..."
"R"," R", "270","08:01:02.469058","172.16.112.50","172.16.114.148","TELNET","60","Telnet Data ..."
"R"," R", "271","08:01:02.488709","172.16.114.148","172.16.112.50","TCP","60","1024 → 23 [ACK] Seq=134 Ack=1356 Win=32120 Len=0"
"R"," R", "272","08:01:02.488848","172.16.114.148","172.16.112.50","TELNET","60","Telnet Data ..."
"R"," R", "273","08:01:02.489064","172.16.112.50","172.16.114.148","TELNET","60","Telnet Data ..."
"R"," R", "274","08:01:02.508705","172.16.114.148","172.16.112.50","TCP","60","1024 → 23 [ACK] Seq=135 Ack=1357 Win=32120 Len=0"
"R"," R", "275","08:01:02.508836","172.16.114.148","172.16.112.50","TELNET","60","Telnet Data ..."
"R"," R", "276","08:01:02.509051","172.16.112.50","172.16.114.148","TELNET","60","Telnet Data ..."
"R"," R", "277","08:01:02.528689","172.16.114.148","172.16.112.50","TCP","60","1024 → 23 [ACK] Seq=136 Ack=1358 Win=32120 Len=0"
"R"," R", "278","08:01:02.528835","172.16.114.148","172.16.112.50","TELNET","60","Telnet Data ..."
"R"," R", "279","08:01:02.529052","172.16.112.50","172.16.114.148","TELNET","60","Telnet Data ..."
"R"," R", "280","08:01:02.548687","172.16.114.148","172.16.112.50","TCP","60","1024 → 23 [ACK] Seq=137 Ack=1359 Win=32120 Len=0"
"R"," R", "281","08:01:02.548828","172.16.114.148","172.16.112.50","TELNET","60","Telnet Data ..."
"R"," R", "282","08:01:02.549046","172.16.112.50","172.16.114.148","TELNET","60","Telnet Data ..."
"R"," R", "283","08:01:02.568684","172.16.114.148","172.16.112.50","TCP","60","1024 → 23 [ACK] Seq=138 Ack=1360 Win=32120 Len=0"
"R"," R", "284","08:01:02.568824","172.16.114.148","172.16.112.50","TELNET","60","Telnet Data ..."
"R"," R", "285","08:01:02.569041","172.16.112.50","172.16.114.148","TELNET","60","Telnet Data ..."
"R"," R", "286","08:01:02.588680","172.16.114.148","172.16.112.50","TCP","60","1024 → 23 [ACK] Seq=139 Ack=1361 Win=32120 Len=0"
"R"," R", "287","08:01:02.588821","172.16.114.148","172.16.112.50","TELNET","60","Telnet Data ..."
"R"," R", "288","08:01:02.589039","172.16.112.50","172.16.114.148","TELNET","60","Telnet Data ..."
"R"," R", "289","08:01:02.608676","172.16.114.148","172.16.112.50","TCP","60","1024 → 23 [ACK] Seq=140 Ack=1362 Win=32120 Len=0"
"R"," R", "290","08:01:02.610027","172.16.114.148","172.16.112.50","TELNET","60","Telnet Data ..."
"R"," R", "291","08:01:02.610269","172.16.112.50","172.16.114.148","TELNET","60","Telnet Data ..."
"R"," R", "292","08:01:02.628682","172.16.114.148","172.16.112.50","TCP","60","1024 → 23 [ACK] Seq=142 Ack=1364 Win=32120 Len=0"
"R"," R", "293","08:01:02.632767","172.16.114.148","172.16.112.50","TELNET","120","Telnet Data ..."
"R"," R", "294","08:01:02.633319","172.16.112.50","172.16.114.148","TELNET","120","Telnet Data ..."
"R"," R", "295","08:01:02.648663","172.16.114.148","172.16.112.50","TCP","60","1024 → 23 [ACK] Seq=208 Ack=1430 Win=32120 Len=0"
"R"," R", "296","08:01:02.653086","172.16.114.148","172.16.112.50","TELNET","129","Telnet Data ..."
"R"," R", "297","08:01:02.653670","172.16.112.50","172.16.114.148","TELNET","129","Telnet Data ..."
"R"," R", "298","08:01:02.668657","172.16.114.148","172.16.112.50","TCP","60","1024 → 23 [ACK] Seq=283 Ack=1505 Win=32120 Len=0"
"R"," R", "299","08:01:02.672949","172.16.114.148","172.16.112.50","TELNET","126","Telnet Data ..."
"R"," R", "300","08:01:02.673505","172.16.112.50","172.16.114.148","TELNET","126","Telnet Data ..."
"R"," R", "301","08:01:02.688655","172.16.114.148","172.16.112.50","TCP","60","1024 → 23 [ACK] Seq=355 Ack=1577 Win=32120 Len=0"
"R"," R", "302","08:01:02.692202","172.16.114.148","172.16.112.50","TELNET","105","Telnet Data ..."
"R"," R", "303","08:01:02.692670","172.16.112.50","172.16.114.148","TELNET","105","Telnet Data ..."
"R"," R", "304","08:01:02.708661","172.16.114.148","172.16.112.50","TCP","60","1024 → 23 [ACK] Seq=406 Ack=1628 Win=32120 Len=0"
"R"," R", "305","08:01:02.710429","172.16.114.148","172.16.112.50","TELNET","60","Telnet Data ..."
"R"," R", "306","08:01:02.710672","172.16.112.50","172.16.114.148","TELNET","60","Telnet Data ..."
"R"," R", "307","08:01:02.728651","172.16.114.148","172.16.112.50","TCP","60","1024 → 23 [ACK] Seq=408 Ack=1630 Win=32120 Len=0"
"R"," R", "308","08:01:02.732760","172.16.114.148","172.16.112.50","TELNET","121","Telnet Data ..."
"R"," R", "309","08:01:02.733300","172.16.112.50","172.16.114.148","TELNET","121","Telnet Data ..."
"R"," R", "310","08:01:02.748671","172.16.114.148","172.16.112.50","TCP","60","1024 → 23 [ACK] Seq=475 Ack=1697 Win=32120 Len=0"
"R"," R", "311","08:01:02.752837","172.16.114.148","172.16.112.50","TELNET","123","Telnet Data ..."
"R"," R", "312","08:01:02.753377","172.16.112.50","172.16.114.148","TELNET","123","Telnet Data ..."
"R"," R", "313","08:01:02.768690","172.16.114.148","172.16.112.50","TCP","60","1024 → 23 [ACK] Seq=544 Ack=1766 Win=32120 Len=0"
"R"," R", "314","08:01:02.773759","172.16.114.148","172.16.112.50","TELNET","125","Telnet Data ..."
"R"," R", "315","08:01:02.774314","172.16.112.50","172.16.114.148","TELNET","125","Telnet Data ..."
"R"," R", "316","08:01:02.788651","172.16.114.148","172.16.112.50","TCP","60","1024 → 23 [ACK] Seq=615 Ack=1837 Win=32120 Len=0"
"R"," R", "317","08:01:02.793010","172.16.114.148","172.16.112.50","TELNET","126","Telnet Data ..."
"R"," R", "318","08:01:02.793567","172.16.112.50","172.16.114.148","TELNET","126","Telnet Data ..."
"R"," R", "319","08:01:02.808647","172.16.114.148","172.16.112.50","TCP","60","1024 → 23 [ACK] Seq=687 Ack=1909 Win=32120 Len=0"
"R"," R", "320","08:01:02.813000","172.16.114.148","172.16.112.50","TELNET","126","Telnet Data ..."
"R"," R", "321","08:01:02.813555","172.16.112.50","172.16.114.148","TELNET","126","Telnet Data ..."
"R"," R", "322","08:01:02.828652","172.16.114.148","172.16.112.50","TCP","60","1024 → 23 [ACK] Seq=759 Ack=1981 Win=32120 Len=0"
"R"," R", "323","08:01:02.833000","172.16.114.148","172.16.112.50","TELNET","126","Telnet Data ..."
"R"," R", "324","08:01:02.833558","172.16.112.50","172.16.114.148","TELNET","126","Telnet Data ..."
"R"," R", "325","08:01:02.848641","172.16.114.148","172.16.112.50","TCP","60","1024 → 23 [ACK] Seq=831 Ack=2053 Win=32120 Len=0"
"R"," R", "326","08:01:02.852044","172.16.114.148","172.16.112.50","TELNET","100","Telnet Data ..."
"R"," R", "327","08:01:02.852481","172.16.112.50","172.16.114.148","TELNET","100","Telnet Data ..."
"R"," R", "328","08:01:02.868638","172.16.114.148","172.16.112.50","TCP","60","1024 → 23 [ACK] Seq=877 Ack=2099 Win=32120 Len=0"
"R"," R", "329","08:01:02.869265","172.16.114.148","172.16.112.50","TELNET","60","Telnet Data ..."
"R"," R", "330","08:01:02.869493","172.16.112.50","172.16.114.148","TELNET","60","Telnet Data ..."
"R"," R", "331","08:01:02.888635","172.16.114.148","172.16.112.50","TCP","60","1024 → 23 [ACK] Seq=878 Ack=2100 Win=32120 Len=0"
"R"," R", "332","08:01:02.890327","172.16.114.148","172.16.112.50","TELNET","60","Telnet Data ..."
"R"," R", "333","08:01:02.890557","172.16.112.50","172.16.114.148","TELNET","60","Telnet Data ..."
"R"," R", "334","08:01:02.908617","172.16.114.148","172.16.112.50","TCP","60","1024 → 23 [ACK] Seq=880 Ack=2102 Win=32120 Len=0"
"R"," R", "335","08:01:03.049692","172.16.112.50","172.16.112.20","DNS","77","Standard query 0x0001 ANY hume.eyrie.af.mil"
"R"," R", "336","08:01:03.050822","172.16.112.20","172.16.112.50","DNS","174","Standard query response 0x0001 ANY hume.eyrie.af.mil A 172.16.112.100 MX 10 hume.eyrie.af.mil NS hobbes.eyrie.af.mil A 172.16.112.100 A 172.16.112.20"
"R"," R", "337","08:01:03.052979","172.16.112.50","172.16.112.20","DNS","77","Standard query 0x0002 ANY hume.eyrie.af.mil"
"R"," R", "338","08:01:03.053455","172.16.112.20","172.16.112.50","DNS","174","Standard query response 0x0002 ANY hume.eyrie.af.mil A 172.16.112.100 MX 10 hume.eyrie.af.mil NS hobbes.eyrie.af.mil A 172.16.112.100 A 172.16.112.20"
"R"," R", "339","08:01:03.055574","172.16.112.50","172.16.112.20","DNS","77","Standard query 0x0003 ANY hume.eyrie.af.mil"
"R"," R", "340","08:01:03.056047","172.16.112.20","172.16.112.50","DNS","174","Standard query response 0x0003 ANY hume.eyrie.af.mil A 172.16.112.100 MX 10 hume.eyrie.af.mil NS hobbes.eyrie.af.mil A 172.16.112.100 A 172.16.112.20"
"R"," R", "341","08:01:03.199808","172.16.112.50","172.16.112.20","DNS","77","Standard query 0x0004 ANY hume.eyrie.af.mil"
"R"," R", "342","08:01:03.200278","172.16.112.20","172.16.112.50","DNS","174","Standard query response 0x0004 ANY hume.eyrie.af.mil A 172.16.112.100 MX 10 hume.eyrie.af.mil NS hobbes.eyrie.af.mil A 172.16.112.100 A 172.16.112.20"
"R"," R", "343","08:01:03.202219","172.16.112.50","172.16.112.20","DNS","77","Standard query 0x0005 ANY hume.eyrie.af.mil"
"R"," R", "344","08:01:03.202689","172.16.112.20","172.16.112.50","DNS","174","Standard query response 0x0005 ANY hume.eyrie.af.mil A 172.16.112.100 MX 10 hume.eyrie.af.mil NS hobbes.eyrie.af.mil A 172.16.112.100 A 172.16.112.20"
"R"," R", "345","08:01:03.204742","172.16.112.50","172.16.112.20","DNS","77","Standard query 0x0006 ANY hume.eyrie.af.mil"
"R"," R", "346","08:01:03.205214","172.16.112.20","172.16.112.50","DNS","174","Standard query response 0x0006 ANY hume.eyrie.af.mil A 172.16.112.100 MX 10 hume.eyrie.af.mil NS hobbes.eyrie.af.mil A 172.16.112.100 A 172.16.112.20"
"R"," R", "347","08:01:03.209733","172.16.112.50","172.16.114.148","TELNET","62","Telnet Data ..."
"R"," R", "348","08:01:03.215720","172.16.112.50","172.16.112.20","DNS","90","Standard query 0x0007 MX hume.eyrie.af.mil.eyrie.af.mil"
"R"," R", "349","08:01:03.216191","172.16.112.20","172.16.112.50","DNS","156","Standard query response 0x0007 No such name MX hume.eyrie.af.mil.eyrie.af.mil SOA hobbes.eyrie.af.mil"
"R"," R", "350","08:01:03.217804","172.16.112.50","172.16.112.20","DNS","77","Standard query 0x0008 MX hume.eyrie.af.mil"
"R"," R", "351","08:01:03.218264","172.16.112.20","172.16.112.50","DNS","158","Standard query response 0x0008 MX hume.eyrie.af.mil MX 10 hume.eyrie.af.mil NS hobbes.eyrie.af.mil A 172.16.112.100 A 172.16.112.20"
"R"," R", "352","08:01:03.220708","172.16.112.50","172.16.112.20","DNS","77","Standard query 0x0006 A hume.eyrie.af.mil"
"R"," R", "353","08:01:03.221138","172.16.112.20","172.16.112.50","DNS","142","Standard query response 0x0006 A hume.eyrie.af.mil A 172.16.112.100 NS hobbes.eyrie.af.mil A 172.16.112.20"
"R"," R", "354","08:01:03.226696","","","ARP","60","Who has 172.16.112.100? Tell 172.16.112.50"
"R"," R", "355","08:01:03.226795","","","ARP","60","172.16.112.100 is at 00:10:5a:9c:b2:54"
"R"," R", "356","08:01:03.227149","172.16.112.50","172.16.112.100","TCP","60","32775 → 25 [SYN] Seq=0 Win=8760 Len=0 MSS=1460"
"R"," R", "357","08:01:03.227322","172.16.112.100","172.16.112.50","TCP","60","25 → 32775 [RST, ACK] Seq=1 Ack=1 Win=0 Len=0"
"R"," R", "358","08:01:03.228557","172.16.114.148","172.16.112.50","TCP","60","1024 → 23 [ACK] Seq=880 Ack=2110 Win=32120 Len=0"
"R"," R", "359","08:01:03.520690","","","ARP","60","Who has 172.16.112.10? Tell 172.16.113.50"
"R"," R", "360","08:01:03.520747","","","ARP","42","172.16.112.10 is at 08:00:20:83:4a:82"
"R"," R", "361","08:01:03.521434","172.16.113.50","172.16.112.10","NTP","90","NTP Version 3, client"
"R"," R", "362","08:01:03.521854","172.16.112.10","172.16.113.50","NTP","90","NTP Version 3, server"
"R"," R", "363","08:01:04.219175","172.16.114.148","172.16.112.50","TELNET","60","Telnet Data ..."
"R"," R", "364","08:01:04.219663","172.16.112.50","172.16.114.148","TELNET","60","Telnet Data ..."
"R"," R", "365","08:01:04.238331","172.16.114.148","172.16.112.50","TCP","60","1024 → 23 [ACK] Seq=881 Ack=2111 Win=32120 Len=0"
"R"," R", "366","08:01:04.488587","172.16.114.148","172.16.112.50","TELNET","60","Telnet Data ..."
"R"," R", "367","08:01:04.489013","172.16.112.50","172.16.114.148","TELNET","60","Telnet Data ..."
"R"," R", "368","08:01:04.508292","172.16.114.148","172.16.112.50","TCP","60","1024 → 23 [ACK] Seq=882 Ack=2112 Win=32120 Len=0"
"R"," R", "369","08:01:04.778336","172.16.114.148","172.16.112.50","TELNET","60","Telnet Data ..."
"R"," R", "370","08:01:04.778668","172.16.112.50","172.16.114.148","TELNET","60","Telnet Data ..."
"R"," R", "371","08:01:04.798212","172.16.114.148","172.16.112.50","TCP","60","1024 → 23 [ACK] Seq=883 Ack=2113 Win=32120 Len=0"
"R"," R", "372","08:01:04.888299","172.16.114.148","172.16.112.50","TELNET","60","Telnet Data ..."
"R"," R", "373","08:01:04.888620","172.16.112.50","172.16.114.148","TELNET","60","Telnet Data ..."
"R"," R", "374","08:01:04.908189","172.16.114.148","172.16.112.50","TCP","60","1024 → 23 [ACK] Seq=884 Ack=2114 Win=32120 Len=0"
"R"," R", "375","08:01:04.978749","172.16.112.20","172.16.255.255","RIPv1","66","Response"
"R"," R", "376","08:01:04.978926","172.16.112.20","172.16.118.255","RIPv1","66","Response"
"R"," R", "377","08:01:05.088284","172.16.114.148","172.16.112.50","TELNET","60","Telnet Data ..."
"R"," R", "378","08:01:05.088584","172.16.112.50","172.16.114.148","TELNET","60","Telnet Data ..."
"R"," R", "379","08:01:05.108146","172.16.114.148","172.16.112.50","TCP","60","1024 → 23 [ACK] Seq=885 Ack=2115 Win=32120 Len=0"
"R"," R", "380","08:01:05.198235","172.16.114.148","172.16.112.50","TELNET","60","Telnet Data ..."
"R"," R", "381","08:01:05.198561","172.16.112.50","172.16.114.148","TELNET","60","Telnet Data ..."
"R"," R", "382","08:01:05.218124","172.16.114.148","172.16.112.50","TCP","60","1024 → 23 [ACK] Seq=886 Ack=2116 Win=32120 Len=0"
"R"," R", "383","08:01:05.311216","172.16.114.148","172.16.112.50","TELNET","60","Telnet Data ..."
"R"," R", "384","08:01:05.311582","172.16.112.50","172.16.114.148","TELNET","60","Telnet Data ..."
"R"," R", "385","08:01:05.319064","172.16.114.148","172.16.112.50","TCP","60","1024 → 23 [FIN, ACK] Seq=888 Ack=2120 Win=32120 Len=0"
"R"," R", "386","08:01:05.319260","172.16.112.50","172.16.114.148","TCP","60","23 → 1024 [ACK] Seq=2120 Ack=889 Win=8760 Len=0"
"R"," R", "387","08:01:05.332615","172.16.112.50","172.16.114.148","TCP","60","23 → 1024 [FIN, ACK] Seq=2120 Ack=889 Win=8760 Len=0"
"R"," R", "388","08:01:05.332815","172.16.114.148","172.16.112.50","TCP","60","1024 → 23 [ACK] Seq=889 Ack=2121 Win=32120 Len=0"
"R"," R", "389","08:01:06.540378","","","ARP","60","Who has 172.16.112.20? Tell 172.16.112.100"
"R"," R", "390","08:01:06.540534","","","ARP","60","172.16.112.20 is at 00:c0:4f:a3:57:db"
"R"," R", "391","08:01:06.540661","172.16.112.100","172.16.112.20","DNS","76","Standard query 0x0001 A www.eyrie.af.mil"
"R"," R", "392","08:01:06.541757","172.16.112.20","172.16.112.100","DNS","141","Standard query response 0x0001 A www.eyrie.af.mil A 172.16.114.50 NS hobbes.eyrie.af.mil A 172.16.112.20"
"R"," R", "393","08:01:06.634068","","","ARP","60","Who has 172.16.114.50? Tell 172.16.112.100"
"R"," R", "394","08:01:06.634261","","","ARP","60","172.16.114.50 is at 00:00:c0:17:79:5a"
"R"," R", "395","08:01:06.634369","172.16.112.100","172.16.114.50","TCP","60","1062 → 80 [SYN] Seq=0 Win=8192 Len=0 MSS=1460"
"R"," R", "396","08:01:06.635028","172.16.114.50","172.16.112.100","TCP","60","80 → 1062 [SYN, ACK] Seq=0 Ack=1 Win=31744 Len=0 MSS=1460"
"R"," R", "397","08:01:06.635157","172.16.112.100","172.16.114.50","TCP","60","1062 → 80 [ACK] Seq=1 Ack=1 Win=8760 Len=0"
"R"," R", "398","08:01:06.805042","172.16.112.100","172.16.114.50","HTTP","330","GET /welcome.htm HTTP/1.0 "
"R"," R", "399","08:01:06.806558","","","ARP","60","Who has 172.16.112.20? Tell 172.16.114.50"
"R"," R", "400","08:01:06.806658","","","ARP","60","172.16.112.20 is at 00:c0:4f:a3:57:db"
"R"," R", "401","08:01:06.806885","172.16.114.50","172.16.112.20","DNS","87","Standard query 0x56f2 PTR 100.112.16.172.in-addr.arpa"
"R"," R", "402","08:01:06.807390","172.16.112.20","172.16.114.50","DNS","174","Standard query response 0x56f2 PTR 100.112.16.172.in-addr.arpa PTR hume.eyrie.af.mil NS hobbes.eyrie.af.mil A 172.16.112.20"
"R"," R", "403","08:01:06.824920","172.16.114.50","172.16.112.100","TCP","60","80 → 1062 [ACK] Seq=1 Ack=277 Win=31744 Len=0"
"R"," R", "404","08:01:07.084848","172.16.114.50","172.16.112.100","TCP","280","[TCP segment of a reassembled PDU]"
"R"," R", "405","08:01:07.278590","172.16.112.100","172.16.114.50","TCP","60","1062 → 80 [ACK] Seq=277 Ack=227 Win=8534 Len=0"
"R"," R", "406","08:01:07.280334","172.16.114.50","172.16.112.100","HTTP","1460","HTTP/1.0 200 OK  (text/html)"
"R"," R", "407","08:01:07.310702","172.16.112.100","172.16.114.50","TCP","60","1063 → 80 [SYN] Seq=0 Win=8192 Len=0 MSS=1460"
"R"," R", "408","08:01:07.311022","172.16.114.50","172.16.112.100","TCP","60","80 → 1063 [SYN, ACK] Seq=0 Ack=1 Win=31744 Len=0 MSS=1460"
"R"," R", "409","08:01:07.311146","172.16.112.100","172.16.114.50","TCP","60","1063 → 80 [ACK] Seq=1 Ack=1 Win=8760 Len=0"
"R"," R", "410","08:01:07.325902","172.16.112.100","172.16.114.50","TCP","60","1064 → 80 [SYN] Seq=0 Win=8192 Len=0 MSS=1460"
"R"," R", "411","08:01:07.326153","172.16.114.50","172.16.112.100","TCP","60","80 → 1064 [SYN, ACK] Seq=0 Ack=1 Win=31744 Len=0 MSS=1460"
"R"," R", "412","08:01:07.326273","172.16.112.100","172.16.114.50","TCP","60","1064 → 80 [ACK] Seq=1 Ack=1 Win=8760 Len=0"
"R"," R", "413","08:01:07.358626","172.16.112.100","172.16.114.50","TCP","60","1065 → 80 [SYN] Seq=0 Win=8192 Len=0 MSS=1460"
"R"," R", "414","08:01:07.358879","172.16.114.50","172.16.112.100","TCP","60","80 → 1065 [SYN, ACK] Seq=0 Ack=1 Win=31744 Len=0 MSS=1460"
"R"," R", "415","08:01:07.359001","172.16.112.100","172.16.114.50","TCP","60","1065 → 80 [ACK] Seq=1 Ack=1 Win=8760 Len=0"
"R"," R", "416","08:01:07.472874","172.16.112.100","172.16.114.50","HTTP","369","GET /5star2.gif HTTP/1.0 "
"R"," R", "417","08:01:07.477458","172.16.112.100","172.16.114.50","HTTP","371","GET /worldmap.jpg HTTP/1.0 "
"R"," R", "418","08:01:07.477996","172.16.112.100","172.16.114.50","HTTP","370","GET /warning.gif HTTP/1.0 "
"R"," R", "419","08:01:07.478739","172.16.112.100","172.16.114.50","HTTP","369","GET /header.gif HTTP/1.0 "
"R"," R", "420","08:01:07.479450","172.16.114.50","172.16.112.20","DNS","87","Standard query 0x570b PTR 100.112.16.172.in-addr.arpa"
"R"," R", "421","08:01:07.479940","172.16.112.20","172.16.114.50","DNS","174","Standard query response 0x570b PTR 100.112.16.172.in-addr.arpa PTR hume.eyrie.af.mil NS hobbes.eyrie.af.mil A 172.16.112.20"
"R"," R", "422","08:01:07.480614","172.16.114.50","172.16.112.20","DNS","87","Standard query 0x2d27 PTR 100.112.16.172.in-addr.arpa"
"R"," R", "423","08:01:07.481079","172.16.112.20","172.16.114.50","DNS","174","Standard query response 0x2d27 PTR 100.112.16.172.in-addr.arpa PTR hume.eyrie.af.mil NS hobbes.eyrie.af.mil A 172.16.112.20"
"R"," R", "424","08:01:07.481754","172.16.114.50","172.16.112.20","DNS","87","Standard query 0x2adc PTR 100.112.16.172.in-addr.arpa"
"R"," R", "425","08:01:07.482217","172.16.112.20","172.16.114.50","DNS","174","Standard query response 0x2adc PTR 100.112.16.172.in-addr.arpa PTR hume.eyrie.af.mil NS hobbes.eyrie.af.mil A 172.16.112.20"
"R"," R", "426","08:01:07.485255","172.16.114.50","172.16.112.100","TCP","60","80 → 1062 [ACK] Seq=1633 Ack=592 Win=31744 Len=0"
"R"," R", "427","08:01:07.485770","172.16.114.50","172.16.112.100","TCP","280","[TCP segment of a reassembled PDU]"
"R"," R", "428","08:01:07.486721","172.16.114.50","172.16.112.100","TCP","280","[TCP segment of a reassembled PDU]"
"R"," R", "429","08:01:07.487594","172.16.114.50","172.16.112.100","TCP","280","[TCP segment of a reassembled PDU]"
"R"," R", "430","08:01:07.488519","172.16.114.50","172.16.112.100","TCP","282","[TCP segment of a reassembled PDU]"
"R"," R", "431","08:01:07.512838","172.16.114.50","172.16.112.100","TCP","1514","[TCP segment of a reassembled PDU]"
"R"," R", "432","08:01:07.513018","172.16.112.100","172.16.114.50","TCP","60","1063 → 80 [ACK] Seq=318 Ack=1689 Win=8760 Len=0"
"R"," R", "433","08:01:07.514812","172.16.114.50","172.16.112.100","TCP","1514","[TCP segment of a reassembled PDU]"
"R"," R", "434","08:01:07.516071","172.16.114.50","172.16.112.100","TCP","1514","[TCP segment of a reassembled PDU]"
"R"," R", "435","08:01:07.517330","172.16.114.50","172.16.112.100","TCP","1514","[TCP segment of a reassembled PDU]"
"R"," R", "436","08:01:07.517401","172.16.112.100","172.16.114.50","TCP","60","1063 → 80 [ACK] Seq=318 Ack=4609 Win=8760 Len=0"
"R"," R", "437","08:01:07.519178","172.16.114.50","172.16.112.100","TCP","1514","[TCP segment of a reassembled PDU]"
"R"," R", "438","08:01:07.520436","172.16.114.50","172.16.112.100","TCP","1514","[TCP segment of a reassembled PDU]"
"R"," R", "439","08:01:07.520509","172.16.112.100","172.16.114.50","TCP","60","1063 → 80 [ACK] Seq=318 Ack=7529 Win=8760 Len=0"
"R"," R", "440","08:01:07.521752","172.16.114.50","172.16.112.100","TCP","1514","[TCP segment of a reassembled PDU]"
"R"," R", "441","08:01:07.521810","172.16.112.100","172.16.114.50","TCP","60","1063 → 80 [ACK] Seq=318 Ack=8989 Win=7300 Len=0"
"R"," R", "442","08:01:07.524118","172.16.114.50","172.16.112.100","TCP","1514","[TCP segment of a reassembled PDU]"
"R"," R", "443","08:01:07.524315","172.16.112.100","172.16.114.50","TCP","60","1065 → 80 [ACK] Seq=316 Ack=1687 Win=8760 Len=0"
"R"," R", "444","08:01:07.526100","172.16.114.50","172.16.112.100","TCP","1514","[TCP segment of a reassembled PDU]"
"R"," R", "445","08:01:07.541993","172.16.114.50","172.16.112.100","TCP","1514","[TCP segment of a reassembled PDU]"
"R"," R", "446","08:01:07.542194","172.16.112.100","172.16.114.50","TCP","60","1064 → 80 [ACK] Seq=317 Ack=1687 Win=8760 Len=0"
"R"," R", "447","08:01:07.543980","172.16.114.50","172.16.112.100","TCP","1514","[TCP segment of a reassembled PDU]"
"R"," R", "448","08:01:07.545251","172.16.114.50","172.16.112.100","TCP","1514","[TCP segment of a reassembled PDU]"
"R"," R", "449","08:01:07.545457","172.16.112.100","172.16.114.50","TCP","60","1064 → 80 [ACK] Seq=317 Ack=4607 Win=8760 Len=0"
"R"," R", "450","08:01:07.546054","172.16.114.50","172.16.112.100","HTTP","420","HTTP/1.0 200 OK  (GIF89a)"
"R"," R", "451","08:01:07.559635","172.16.112.100","172.16.114.50","TCP","60","1063 → 80 [ACK] Seq=318 Ack=10449 Win=8760 Len=0"
"R"," R", "452","08:01:07.561368","172.16.114.50","172.16.112.100","HTTP","1463","HTTP/1.0 200 OK  (JPEG JFIF image)"
"R"," R", "453","08:01:07.606654","172.16.112.100","172.16.114.50","TCP","60","1062 → 80 [ACK] Seq=592 Ack=1859 Win=8534 Len=0"
"R"," R", "454","08:01:07.608407","172.16.114.50","172.16.112.100","HTTP","1477","HTTP/1.0 200 OK  (GIF87a)"
"R"," R", "455","08:01:07.716299","172.16.114.50","172.16.112.100","TCP","1514","[TCP Retransmission] 80 → 1065 [ACK] Seq=1687 Ack=316 Win=31744 Len=1460"
"R"," R", "456","08:01:07.716410","172.16.112.100","172.16.114.50","TCP","60","1065 → 80 [ACK] Seq=316 Ack=3147 Win=8760 Len=0"
"R"," R", "457","08:01:07.716436","172.16.112.100","172.16.114.50","TCP","60","1064 → 80 [ACK] Seq=317 Ack=4973 Win=8394 Len=0"
"R"," R", "458","08:01:07.716507","172.16.112.100","172.16.114.50","TCP","60","1063 → 80 [ACK] Seq=318 Ack=11858 Win=7351 Len=0"
"R"," R", "459","08:01:07.716577","172.16.112.100","172.16.114.50","TCP","60","[TCP Dup ACK 456#1] 1065 → 80 [ACK] Seq=316 Ack=3147 Win=8760 Len=0"
"R"," R", "460","08:01:07.717038","172.16.114.50","172.16.112.100","HTTP","466","HTTP/1.0 200 OK  (GIF89a)"
"R"," R", "461","08:01:07.825377","172.16.112.100","172.16.114.50","TCP","60","1062 → 80 [ACK] Seq=592 Ack=3282 Win=8760 Len=0"
"R"," R", "462","08:01:07.934698","172.16.112.100","172.16.114.50","TCP","60","1065 → 80 [ACK] Seq=316 Ack=3559 Win=8348 Len=0"
"R"," R", "463","08:01:08.544186","","","LOOP","60","Reply"
"R"," R", "464","08:01:18.583789","","","LOOP","60","Reply"
"R"," R", "465","08:01:19.652399","172.16.112.20","192.168.1.10","DNS","75","Standard query 0x4ad2 A gamma.grape.mil"
"R"," R", "466","08:01:19.657650","192.168.1.10","172.16.112.20","DNS","130","Standard query response 0x4ad2 A gamma.grape.mil A 194.27.251.21 NS gamma.grape.mil A 194.27.251.21"
"R"," R", "467","08:01:19.662839","172.16.113.84","194.27.251.21","TCP","60","1025 → 25 [SYN] Seq=0 Win=512 Len=0 MSS=1460"
"R"," R", "468","08:01:19.667537","194.27.251.21","172.16.113.84","TCP","60","25 → 1025 [SYN, ACK] Seq=0 Ack=1 Win=32736 Len=0 MSS=1460"
"R"," R", "469","08:01:19.667724","172.16.113.84","194.27.251.21","TCP","60","1025 → 25 [ACK] Seq=1 Ack=1 Win=32120 Len=0"
"R"," R", "470","08:01:19.835513","192.168.1.10","172.16.112.20","DNS","86","Standard query 0x43a7 PTR 84.113.16.172.in-addr.arpa"
"R"," R", "471","08:01:19.836155","172.16.112.20","192.168.1.10","DNS","173","Standard query response 0x43a7 PTR 84.113.16.172.in-addr.arpa PTR duck.eyrie.af.mil NS hobbes.eyrie.af.mil A 172.16.112.20"
"R"," R", "472","08:01:19.838256","192.168.1.10","172.16.112.20","DNS","77","Standard query 0x43a8 A duck.eyrie.af.mil"
"R"," R", "473","08:01:19.838688","172.16.112.20","192.168.1.10","DNS","142","Standard query response 0x43a8 A duck.eyrie.af.mil A 172.16.113.84 NS hobbes.eyrie.af.mil A 172.16.112.20"
"R"," R", "474","08:01:19.924488","194.27.251.21","172.16.113.84","SMTP","136","S: 220 gamma.grape.mil Sendmail 4.1/SMI-4.1 ready at Fri, 9 Apr 1999 08:01:21 -0400"
"R"," R", "475","08:01:19.935093","172.16.113.84","194.27.251.21","TCP","60","1025 → 25 [ACK] Seq=1 Ack=83 Win=32120 Len=0"
"R"," R", "476","08:01:19.960920","172.16.113.84","194.27.251.21","SMTP","78","C: EHLO duck.eyrie.af.mil"
"R"," R", "477","08:01:19.961796","194.27.251.21","172.16.113.84","SMTP","80","S: 500 Command unrecognized"
"R"," R", "478","08:01:19.962225","172.16.113.84","194.27.251.21","SMTP","78","C: HELO duck.eyrie.af.mil"
"R"," R", "479","08:01:19.963024","194.27.251.21","172.16.113.84","SMTP","100","S: 250 (duck.eyrie.af.mil) pleased to meet you."
"R"," R", "480","08:01:19.963314","172.16.113.84","194.27.251.21","SMTP","94","C: MAIL From:<jeanettd@duck.eyrie.af.mil>"
"R"," R", "481","08:01:19.964166","194.27.251.21","172.16.113.84","SMTP","101","S: 250 <jeanettd@duck.eyrie.af.mil>... Sender Ok"
"R"," R", "482","08:01:19.964493","172.16.113.84","194.27.251.21","SMTP","90","C: RCPT To:<callistc@gamma.grape.mil>"
"R"," R", "483","08:01:19.965275","194.27.251.21","172.16.113.84","SMTP","89","S: 250 <callistc@gamma.grape.mil> OK"
"R"," R", "484","08:01:19.965558","172.16.113.84","194.27.251.21","SMTP","60","C: DATA"
"R"," R", "485","08:01:19.966632","194.27.251.21","172.16.113.84","SMTP","104","S: 354 Enter mail, end with ." on a line by itself""
"R"," R", "486","08:01:19.967754","172.16.113.84","194.27.251.21","SMTP","1078","C: DATA fragment, 1024 bytes"
"R"," R", "487","08:01:19.968991","172.16.113.84","194.27.251.21","SMTP","1514","C: DATA fragment, 1460 bytes"
"R"," R", "488","08:01:19.970219","172.16.113.84","194.27.251.21","SMTP","1514","C: DATA fragment, 1460 bytes"
"R"," R", "489","08:01:19.971452","172.16.113.84","194.27.251.21","SMTP","1514","C: DATA fragment, 1460 bytes"
"R"," R", "490","08:01:19.980983","194.27.251.21","172.16.113.84","TCP","60","25 → 1025 [ACK] Seq=287 Ack=5535 Win=32736 Len=0"
"R"," R", "491","08:01:19.981269","172.16.113.84","194.27.251.21","IMF","216","subject: Or type widget N If, , Or type widget N If printf here, are The preemption and navigating our  , Data in The slides at least squares: learning, and Will do you The  , specific Turing equivalence and Spanish, that are Jerry O'Leary  , Administrative computer sequential Houston TX: Thanks, for The quick  , questions: our setup together.   ,   ,             And ping, are any new digital as times but true when you see  ,             many typos and make sense but Next Id Sun Apr Edt by  ,             Raymond Corporate Communications.   ,   ,             It defend, any program one now, that til or  ,             sequences.  The well at all The speakers are  ,             except that I get Frank The tr the items are in  ,             year First By The ones: for Mass Pike step is  ,             on you can Configure be to based methods for  ,             The used error rate.  Yes, does not shown by  ,             Id.  Sounds (right).  T Bell: I will be; It with  ,             ws avoids The a quick.  However I know;  ,             Gilchrist and condition when I have which die  ,             Mit of The new link different as task plots  ,             (Fail is that an of How do would I'm not).   ,   ,             Could only but I May be it is in both.   ,   ,             We have to come to me to NIST has The.  De Ed Ed.   ,   ,             In the software patents, additional comments about months of  ,             software Systems, U of Computing The Prices for possible  ,             the software (Doug etc).  Voice fax you catch on The  ,             machine.   , Here is some uuencoded stuff  ,   , begin 644 foo2027  , M2G5N:R!(87=T:&]R;F4L('!E<FUI<W-I;VXL('1O(&-O;FYE8W0@86YD(%9I  , M8W1O<B!*;W-E<&@@9G)O;2!3=&%N9F]R9 I5;FEV97)S:71Y(&]F('!R;V)L  , M96TZ('1O(&1I<W!L87D@3F5T=V]R:W,N(!5<"!U;G1I;"!)('!R;W9I9&4*  "
"R"," R", "492","08:01:19.982587","194.27.251.21","172.16.113.84","SMTP","73","S: 250 Mail accepted"
"R"," R", "493","08:01:19.982785","172.16.113.84","194.27.251.21","SMTP","60","C: QUIT"
"R"," R", "494","08:01:19.983529","194.27.251.21","172.16.113.84","SMTP","78","S: 221 Closing connection"
"R"," R", "495","08:01:19.983890","194.27.251.21","172.16.113.84","TCP","60","25 → 1025 [FIN, ACK] Seq=330 Ack=5703 Win=32736 Len=0"
"R"," R", "496","08:01:19.984047","172.16.113.84","194.27.251.21","TCP","60","1025 → 25 [ACK] Seq=5703 Ack=331 Win=32120 Len=0"
"R"," R", "497","08:01:19.985749","172.16.113.84","194.27.251.21","TCP","60","1025 → 25 [FIN, ACK] Seq=5703 Ack=331 Win=32120 Len=0"
"R"," R", "498","08:01:19.986444","194.27.251.21","172.16.113.84","TCP","60","25 → 1025 [ACK] Seq=331 Ack=5704 Win=32735 Len=0"
"R"," R", "499","08:01:20.083446","172.16.0.1","224.0.0.9","RIPv2","86","Response"
"R"," R", "500","08:01:22.581796","172.16.114.50","172.16.112.100","TCP","60","80 → 1064 [FIN, ACK] Seq=4973 Ack=317 Win=31744 Len=0"
"R"," R", "501","08:01:22.581947","172.16.112.100","172.16.114.50","TCP","60","1064 → 80 [ACK] Seq=317 Ack=4974 Win=8394 Len=0"
"R"," R", "502","08:01:22.582339","172.16.114.50","172.16.112.100","TCP","60","80 → 1065 [FIN, ACK] Seq=3559 Ack=316 Win=31744 Len=0"
"R"," R", "503","08:01:22.582479","172.16.112.100","172.16.114.50","TCP","60","1065 → 80 [ACK] Seq=316 Ack=3560 Win=8348 Len=0"
"R"," R", "504","08:01:22.582850","172.16.114.50","172.16.112.100","TCP","60","80 → 1063 [FIN, ACK] Seq=11858 Ack=318 Win=31744 Len=0"
"R"," R", "505","08:01:22.582991","172.16.112.100","172.16.114.50","TCP","60","1063 → 80 [ACK] Seq=318 Ack=11859 Win=7351 Len=0"
"R"," R", "506","08:01:22.583359","172.16.114.50","172.16.112.100","TCP","60","80 → 1062 [FIN, ACK] Seq=3282 Ack=592 Win=31744 Len=0"
"R"," R", "507","08:01:22.583499","172.16.112.100","172.16.114.50","TCP","60","1062 → 80 [ACK] Seq=592 Ack=3283 Win=8760 Len=0"
"R"," R", "508","08:01:23.938583","192.168.1.10","172.16.112.20","DNS","77","Standard query 0x43a9 A hume.eyrie.af.mil"
"R"," R", "509","08:01:23.939685","172.16.112.20","192.168.1.10","DNS","142","Standard query response 0x43a9 A hume.eyrie.af.mil A 172.16.112.100 NS hobbes.eyrie.af.mil A 172.16.112.20"
"R"," R", "510","08:01:23.943168","196.227.33.189","172.16.112.100","TCP","60","1024 → 21 [SYN] Seq=0 Win=512 Len=0 MSS=1460"
"R"," R", "511","08:01:23.943374","","","ARP","60","Who has 172.16.0.1? Tell 172.16.112.100"
"R"," R", "512","08:01:23.945331","","","ARP","60","172.16.0.1 is at 00:10:7b:38:46:33"
"R"," R", "513","08:01:23.945428","172.16.112.100","196.227.33.189","TCP","60","21 → 1024 [SYN, ACK] Seq=0 Ack=1 Win=8760 Len=0 MSS=1460"
"R"," R", "514","08:01:23.948442","196.227.33.189","172.16.112.100","TCP","60","1024 → 21 [ACK] Seq=1 Ack=1 Win=32120 Len=0"
"R"," R", "515","08:01:23.960197","172.16.112.100","196.227.33.189","FTP","101","Response: 220 hume Microsoft FTP Service (Version 2.0)."
"R"," R", "516","08:01:23.980175","196.227.33.189","172.16.112.100","TCP","60","1024 → 21 [ACK] Seq=1 Ack=48 Win=32120 Len=0"
"R"," R", "517","08:01:24.291015","196.227.33.189","172.16.112.100","FTP","70","Request: USER anonymous"
"R"," R", "518","08:01:24.291379","172.16.112.100","196.227.33.189","FTP","126","Response: 331 Anonymous access allowed, send identity (e-mail name) as password."
"R"," R", "519","08:01:24.310105","196.227.33.189","172.16.112.100","TCP","60","1024 → 21 [ACK] Seq=17 Ack=120 Win=32120 Len=0"
"R"," R", "520","08:01:24.930741","196.227.33.189","172.16.112.100","FTP","85","Request: PASS tempests@saturn.kiwi.org"
"R"," R", "521","08:01:25.103546","172.16.112.100","196.227.33.189","TCP","60","21 → 1024 [ACK] Seq=120 Ack=48 Win=8713 Len=0"
"R"," R", "522","08:01:25.379055","192.168.1.10","172.16.112.20","DNS","86","Standard query 0x43aa PTR 50.113.16.172.in-addr.arpa"
"R"," R", "523","08:01:25.380285","172.16.112.20","192.168.1.10","DNS","173","Standard query response 0x43aa PTR 50.113.16.172.in-addr.arpa PTR zeno.eyrie.af.mil NS hobbes.eyrie.af.mil A 172.16.112.20"
"R"," R", "524","08:01:25.415427","172.16.112.100","196.227.33.189","FTP","85","Response: 230 Anonymous user logged in."
"R"," R", "525","08:01:25.416421","196.227.33.189","172.16.112.100","FTP","60","Request: SYST"
"R"," R", "526","08:01:25.416724","172.16.112.100","196.227.33.189","FTP","82","Response: 215 Windows_NT version 4.0"
"R"," R", "527","08:01:25.429878","196.227.33.189","172.16.112.100","TCP","60","1024 → 21 [ACK] Seq=54 Ack=179 Win=32120 Len=0"
"R"," R", "528","08:01:26.263086","196.227.33.189","172.16.112.100","FTP","79","Request: PORT 196,227,33,189,4,2"
"R"," R", "529","08:01:26.263392","172.16.112.100","196.227.33.189","FTP","84","Response: 200 PORT command successful."
"R"," R", "530","08:01:26.264417","196.227.33.189","172.16.112.100","FTP","60","Request: LIST"
"R"," R", "531","08:01:26.264705","172.16.112.100","196.227.33.189","FTP","107","Response: 150 Opening ASCII mode data connection for /bin/ls."
"R"," R", "532","08:01:26.265237","172.16.112.100","196.227.33.189","TCP","60","20 → 1026 [SYN] Seq=0 Win=8192 Len=0 MSS=1460"
"R"," R", "533","08:01:26.266026","196.227.33.189","172.16.112.100","TCP","60","1026 → 20 [SYN, ACK] Seq=0 Ack=1 Win=32736 Len=0 MSS=1460"
"R"," R", "534","08:01:26.266137","172.16.112.100","196.227.33.189","TCP","60","20 → 1026 [ACK] Seq=1 Ack=1 Win=8760 Len=0"
"R"," R", "535","08:01:26.279714","196.227.33.189","172.16.112.100","TCP","60","1024 → 21 [ACK] Seq=85 Ack=262 Win=32120 Len=0"
"R"," R", "536","08:01:26.378836","172.16.112.100","196.227.33.189","FTP-DATA","839","FTP Data: 785 bytes"
"R"," R", "537","08:01:26.378891","172.16.112.100","196.227.33.189","TCP","60","20 → 1026 [FIN, ACK] Seq=786 Ack=1 Win=8760 Len=0"
"R"," R", "538","08:01:26.378975","172.16.112.100","196.227.33.189","FTP","78","Response: 226 Transfer complete."
"R"," R", "539","08:01:26.380233","196.227.33.189","172.16.112.100","TCP","60","1026 → 20 [ACK] Seq=1 Ack=787 Win=31950 Len=0"
"R"," R", "540","08:01:26.389287","196.227.33.189","172.16.112.100","TCP","60","1026 → 20 [FIN, ACK] Seq=1 Ack=787 Win=32736 Len=0"
"R"," R", "541","08:01:26.389420","172.16.112.100","196.227.33.189","TCP","60","20 → 1026 [ACK] Seq=787 Ack=2 Win=8760 Len=0"
"R"," R", "542","08:01:26.399936","196.227.33.189","172.16.112.100","TCP","60","1024 → 21 [ACK] Seq=85 Ack=286 Win=32120 Len=0"
"R"," R", "543","08:01:26.402620","206.48.44.50","172.16.113.50","IPv4","60","Fragmented IP protocol (proto=TCP 6, off=0, ID=e450)"
"R"," R", "544","08:01:26.403634","206.48.44.50","172.16.113.50","IPv4","60","Fragmented IP protocol (proto=TCP 6, off=8, ID=e450)"
"R"," R", "545","08:01:26.404655","206.48.44.50","172.16.113.50","IPv4","60","Fragmented IP protocol (proto=TCP 6, off=8, ID=e450)"
"R"," R", "546","08:01:26.405670","206.48.44.50","172.16.113.50","TCP","60","50460 → 79 [SYN] Seq=0 Win=4096 Len=0"
"R"," R", "547","08:01:26.407277","","","ARP","60","Who has 172.16.0.1? Tell 172.16.113.50"
"R"," R", "548","08:01:26.408763","","","ARP","60","172.16.0.1 is at 00:10:7b:38:46:33"
"R"," R", "549","08:01:26.409132","172.16.113.50","206.48.44.50","TCP","60","79 → 50460 [SYN, ACK] Seq=0 Ack=1 Win=4096 Len=0"
"R"," R", "550","08:01:27.300197","196.227.33.189","172.16.112.100","FTP","63","Request: CWD man"
"R"," R", "551","08:01:27.300710","172.16.112.100","196.227.33.189","FTP","83","Response: 250 CWD command successful."
"R"," R", "552","08:01:27.319501","196.227.33.189","172.16.112.100","TCP","60","1024 → 21 [ACK] Seq=94 Ack=315 Win=32120 Len=0"
"R"," R", "553","08:01:27.412328","206.48.44.50","172.16.113.50","IPv4","60","Fragmented IP protocol (proto=TCP 6, off=0, ID=3a3e)"
"R"," R", "554","08:01:27.412970","206.48.44.50","172.16.113.50","IPv4","60","Fragmented IP protocol (proto=TCP 6, off=8, ID=3a3e)"
"R"," R", "555","08:01:27.413741","206.48.44.50","172.16.113.50","IPv4","60","Fragmented IP protocol (proto=TCP 6, off=8, ID=3a3e)"
"R"," R", "556","08:01:27.414522","206.48.44.50","172.16.113.50","TCP","60","50460 → 79 [RST] Seq=1 Win=0 Len=0"
"portsweep"," probe", "557","08:01:28.274380","192.168.1.30","172.16.112.5","SNMP","146","get-request 1.3.6.1.2.1.1.3.0 1.3.6.1.2.1.2.2.1.10.14 1.3.6.1.2.1.2.2.1.16.14 1.3.6.1.2.1.2.2.1.11.14 1.3.6.1.2.1.2.2.1.17.14"
"portsweep"," probe", "558","08:01:28.311314","","","ARP","60","Who has 172.16.0.1? Tell 172.16.112.5"
"portsweep"," probe", "559","08:01:28.312819","","","ARP","60","172.16.0.1 is at 00:10:7b:38:46:33"
"portsweep"," probe", "560","08:01:28.313708","172.16.112.5","192.168.1.30","SNMP","177","get-response 1.3.6.1.2.1.1.3.0 1.3.6.1.2.1.2.2.1.10.14 1.3.6.1.2.1.2.2.1.16.14 1.3.6.1.2.1.2.2.1.11.14 1.3.6.1.2.1.2.2.1.17.14"
"portsweep"," probe", "561","08:01:28.400027","196.227.33.189","172.16.112.100","FTP","79","Request: PORT 196,227,33,189,4,3"
"portsweep"," probe", "562","08:01:28.400287","172.16.112.100","196.227.33.189","FTP","84","Response: 200 PORT command successful."
"portsweep"," probe", "563","08:01:28.401228","196.227.33.189","172.16.112.100","FTP","60","Request: LIST"
"portsweep"," probe", "564","08:01:28.401509","172.16.112.100","196.227.33.189","FTP","107","Response: 150 Opening ASCII mode data connection for /bin/ls."
"portsweep"," probe", "565","08:01:28.401984","172.16.112.100","196.227.33.189","TCP","60","20 → 1027 [SYN] Seq=0 Win=8192 Len=0 MSS=1460"
"portsweep"," probe", "566","08:01:28.402764","196.227.33.189","172.16.112.100","TCP","60","1027 → 20 [SYN, ACK] Seq=0 Ack=1 Win=32736 Len=0 MSS=1460"
"portsweep"," probe", "567","08:01:28.402871","172.16.112.100","196.227.33.189","TCP","60","20 → 1027 [ACK] Seq=1 Ack=1 Win=8760 Len=0"
"portsweep"," probe", "568","08:01:28.409562","172.16.112.100","196.227.33.189","FTP-DATA","705","FTP Data: 651 bytes"
"portsweep"," probe", "569","08:01:28.409633","172.16.112.100","196.227.33.189","TCP","60","20 → 1027 [FIN, ACK] Seq=652 Ack=1 Win=8760 Len=0"
"portsweep"," probe", "570","08:01:28.410833","196.227.33.189","172.16.112.100","TCP","60","1027 → 20 [ACK] Seq=1 Ack=653 Win=32084 Len=0"
"portsweep"," probe", "571","08:01:28.417612","196.227.33.189","172.16.112.100","TCP","60","1027 → 20 [FIN, ACK] Seq=1 Ack=653 Win=32736 Len=0"
"portsweep"," probe", "572","08:01:28.417742","172.16.112.100","196.227.33.189","TCP","60","20 → 1027 [ACK] Seq=653 Ack=2 Win=8760 Len=0"
"portsweep"," probe", "573","08:01:28.419283","196.227.33.189","172.16.112.100","TCP","60","1024 → 21 [ACK] Seq=125 Ack=398 Win=32120 Len=0"
"portsweep"," probe", "574","08:01:28.419425","172.16.112.100","196.227.33.189","FTP","78","Response: 226 Transfer complete."
"portsweep"," probe", "575","08:01:28.439265","196.227.33.189","172.16.112.100","TCP","60","1024 → 21 [ACK] Seq=125 Ack=422 Win=32120 Len=0"
"portsweep"," probe", "576","08:01:28.583790","","","LOOP","60","Reply"
"portsweep"," probe", "577","08:01:29.440249","196.227.33.189","172.16.112.100","FTP","64","Request: CWD man5"
"portsweep"," probe", "578","08:01:29.446461","172.16.112.100","196.227.33.189","FTP","83","Response: 250 CWD command successful."
"portsweep"," probe", "579","08:01:29.459064","196.227.33.189","172.16.112.100","TCP","60","1024 → 21 [ACK] Seq=135 Ack=451 Win=32120 Len=0"
"portsweep"," probe", "580","08:01:30.269701","196.227.33.189","172.16.112.100","FTP","79","Request: PORT 196,227,33,189,4,4"
"portsweep"," probe", "581","08:01:30.269954","172.16.112.100","196.227.33.189","FTP","84","Response: 200 PORT command successful."
"portsweep"," probe", "582","08:01:30.270899","196.227.33.189","172.16.112.100","FTP","60","Request: LIST"
"portsweep"," probe", "583","08:01:30.271180","172.16.112.100","196.227.33.189","FTP","107","Response: 150 Opening ASCII mode data connection for /bin/ls."
"portsweep"," probe", "584","08:01:30.271660","172.16.112.100","196.227.33.189","TCP","60","20 → 1028 [SYN] Seq=0 Win=8192 Len=0 MSS=1460"
"portsweep"," probe", "585","08:01:30.272452","196.227.33.189","172.16.112.100","TCP","60","1028 → 20 [SYN, ACK] Seq=0 Ack=1 Win=32736 Len=0 MSS=1460"
"portsweep"," probe", "586","08:01:30.272558","172.16.112.100","196.227.33.189","TCP","60","20 → 1028 [ACK] Seq=1 Ack=1 Win=8760 Len=0"
"portsweep"," probe", "587","08:01:30.286511","172.16.112.100","196.227.33.189","FTP-DATA","1343","FTP Data: 1289 bytes"
"portsweep"," probe", "588","08:01:30.286580","172.16.112.100","196.227.33.189","TCP","60","20 → 1028 [FIN, ACK] Seq=1290 Ack=1 Win=8760 Len=0"
"portsweep"," probe", "589","08:01:30.288314","196.227.33.189","172.16.112.100","TCP","60","1028 → 20 [ACK] Seq=1 Ack=1291 Win=31446 Len=0"
"portsweep"," probe", "590","08:01:30.288900","196.227.33.189","172.16.112.100","TCP","60","1024 → 21 [ACK] Seq=166 Ack=534 Win=32120 Len=0"
"portsweep"," probe", "591","08:01:30.289032","172.16.112.100","196.227.33.189","FTP","78","Response: 226 Transfer complete."
"portsweep"," probe", "592","08:01:30.307903","196.227.33.189","172.16.112.100","TCP","60","1028 → 20 [FIN, ACK] Seq=1 Ack=1291 Win=32736 Len=0"
"portsweep"," probe", "593","08:01:30.308024","172.16.112.100","196.227.33.189","TCP","60","20 → 1028 [ACK] Seq=1291 Ack=2 Win=8760 Len=0"
"portsweep"," probe", "594","08:01:30.308893","196.227.33.189","172.16.112.100","TCP","60","1024 → 21 [ACK] Seq=166 Ack=558 Win=32120 Len=0"
"portsweep"," probe", "595","08:01:31.319821","196.227.33.189","172.16.112.100","FTP","62","Request: TYPE I"
"portsweep"," probe", "596","08:01:31.320080","172.16.112.100","196.227.33.189","FTP","74","Response: 200 Type set to I."
"portsweep"," probe", "597","08:01:31.338692","196.227.33.189","172.16.112.100","TCP","60","1024 → 21 [ACK] Seq=174 Ack=578 Win=32120 Len=0"
"portsweep"," probe", "598","08:01:33.409666","196.227.33.189","172.16.112.100","FTP","80","Request: PORT 196,227,33,189,4,25"
"portsweep"," probe", "599","08:01:33.409908","172.16.112.100","196.227.33.189","FTP","84","Response: 200 PORT command successful."
"portsweep"," probe", "600","08:01:33.410997","196.227.33.189","172.16.112.100","FTP","68","Request: RETR eject.1"
"portsweep"," probe", "601","08:01:33.421386","172.16.112.100","196.227.33.189","FTP","120","Response: 150 Opening BINARY mode data connection for eject.1(4410 bytes)."
"portsweep"," probe", "602","08:01:33.421875","172.16.112.100","196.227.33.189","TCP","60","20 → 1049 [SYN] Seq=0 Win=8192 Len=0 MSS=1460"
"portsweep"," probe", "603","08:01:33.422680","196.227.33.189","172.16.112.100","TCP","60","1049 → 20 [SYN, ACK] Seq=0 Ack=1 Win=32736 Len=0 MSS=1460"
"portsweep"," probe", "604","08:01:33.422786","172.16.112.100","196.227.33.189","TCP","60","20 → 1049 [ACK] Seq=1 Ack=1 Win=8760 Len=0"
"portsweep"," probe", "605","08:01:33.438254","196.227.33.189","172.16.112.100","TCP","60","1024 → 21 [ACK] Seq=214 Ack=674 Win=32120 Len=0"
"portsweep"," probe", "606","08:01:33.443788","172.16.112.100","196.227.33.189","FTP-DATA","1514","FTP Data: 1460 bytes"
"portsweep"," probe", "607","08:01:33.445020","172.16.112.100","196.227.33.189","FTP-DATA","1514","FTP Data: 1460 bytes"
"portsweep"," probe", "608","08:01:33.448250","196.227.33.189","172.16.112.100","TCP","60","1049 → 20 [ACK] Seq=1 Ack=2921 Win=32736 Len=0"
"portsweep"," probe", "609","08:01:33.449570","172.16.112.100","196.227.33.189","FTP-DATA","1514","FTP Data: 1460 bytes"
"portsweep"," probe", "610","08:01:33.449660","172.16.112.100","196.227.33.189","FTP-DATA","84","FTP Data: 30 bytes"
"portsweep"," probe", "611","08:01:33.468245","196.227.33.189","172.16.112.100","TCP","60","1049 → 20 [ACK] Seq=1 Ack=4411 Win=32736 Len=0"
"portsweep"," probe", "612","08:01:33.468443","172.16.112.100","196.227.33.189","TCP","60","20 → 1049 [FIN, ACK] Seq=4411 Ack=1 Win=8760 Len=0"
"portsweep"," probe", "613","08:01:33.468592","172.16.112.100","196.227.33.189","FTP","78","Response: 226 Transfer complete."
"portsweep"," probe", "614","08:01:33.469152","196.227.33.189","172.16.112.100","TCP","60","1049 → 20 [ACK] Seq=1 Ack=4412 Win=32735 Len=0"
"portsweep"," probe", "615","08:01:33.469350","196.227.33.189","172.16.112.100","TCP","60","1049 → 20 [FIN, ACK] Seq=1 Ack=4412 Win=32736 Len=0"
"portsweep"," probe", "616","08:01:33.469480","172.16.112.100","196.227.33.189","TCP","60","20 → 1049 [ACK] Seq=4412 Ack=2 Win=8760 Len=0"
"portsweep"," probe", "617","08:01:33.488243","196.227.33.189","172.16.112.100","TCP","60","1024 → 21 [ACK] Seq=214 Ack=698 Win=32120 Len=0"
"portsweep"," probe", "618","08:01:34.972472","172.16.112.20","172.16.255.255","RIPv1","66","Response"
"portsweep"," probe", "619","08:01:34.972667","172.16.112.20","172.16.118.255","RIPv1","66","Response"
"portsweep"," probe", "620","08:01:37.747671","206.48.44.50","172.16.113.50","IPv4","60","Fragmented IP protocol (proto=TCP 6, off=0, ID=e13d)"
"portsweep"," probe", "621","08:01:37.792343","206.48.44.50","172.16.113.50","IPv4","60","Fragmented IP protocol (proto=TCP 6, off=8, ID=e13d)"
"portsweep"," probe", "622","08:01:37.837116","206.48.44.50","172.16.113.50","IPv4","60","Fragmented IP protocol (proto=TCP 6, off=8, ID=e13d)"
"portsweep"," probe", "623","08:01:37.881927","206.48.44.50","172.16.113.50","TCP","60","34904 → 22 [SYN] Seq=0 Win=4096 Len=0"
"portsweep"," probe", "624","08:01:37.882981","172.16.113.50","206.48.44.50","TCP","60","22 → 34904 [RST, ACK] Seq=1 Ack=1 Win=0 Len=0"
"portsweep"," probe", "625","08:01:38.581596","","","LOOP","60","Reply"
"portsweep"," probe", "626","08:01:39.928688","172.16.112.100","172.16.114.50","TCP","60","1063 → 80 [FIN, ACK] Seq=318 Ack=11859 Win=7351 Len=0"
"portsweep"," probe", "627","08:01:39.928914","172.16.114.50","172.16.112.100","TCP","60","80 → 1063 [ACK] Seq=11859 Ack=319 Win=31744 Len=0"
"portsweep"," probe", "628","08:01:39.932903","172.16.112.100","172.16.112.20","DNS","77","Standard query 0x0002 A www.microsoft.com"
"portsweep"," probe", "629","08:01:39.933819","172.16.112.20","192.168.1.10","DNS","77","Standard query 0x4ad3 A www.microsoft.com"
"portsweep"," probe", "630","08:01:39.935531","192.168.1.10","172.16.112.20","DNS","121","Standard query response 0x4ad3 A www.microsoft.com NS aesop.world.net A 192.168.1.20"
"portsweep"," probe", "631","08:01:39.936189","172.16.112.20","172.16.112.100","DNS","77","Standard query response 0x0002 Server failure A www.microsoft.com"
"portsweep"," probe", "632","08:01:39.937224","172.16.112.100","172.16.112.20","DNS","90","Standard query 0x0003 A www.microsoft.com.eyrie.af.mil"
"portsweep"," probe", "633","08:01:39.937674","172.16.112.20","172.16.112.100","DNS","156","Standard query response 0x0003 No such name A www.microsoft.com.eyrie.af.mil SOA hobbes.eyrie.af.mil"
"portsweep"," probe", "634","08:01:39.939667","172.16.112.100","172.16.112.20","DNS","84","Standard query 0x0004 A www.microsoft.com.af.mil"
"portsweep"," probe", "635","08:01:39.940035","172.16.112.20","192.168.1.10","DNS","84","Standard query 0x4ad4 A www.microsoft.com.af.mil"
"portsweep"," probe", "636","08:01:39.941060","192.168.1.10","172.16.112.20","DNS","128","Standard query response 0x4ad4 A www.microsoft.com.af.mil NS aesop.world.net A 192.168.1.20"
"portsweep"," probe", "637","08:01:39.941439","172.16.112.20","172.16.112.100","DNS","84","Standard query response 0x0004 Server failure A www.microsoft.com.af.mil"
"portsweep"," probe", "638","08:01:44.927328","196.227.33.189","172.16.112.100","FTP","60","Request: QUIT"
"portsweep"," probe", "639","08:01:44.927652","172.16.112.100","196.227.33.189","FTP","60","Response: 221 "
"portsweep"," probe", "640","08:01:44.927805","172.16.112.100","196.227.33.189","TCP","60","21 → 1024 [FIN, ACK] Seq=704 Ack=220 Win=8541 Len=0"
"portsweep"," probe", "641","08:01:44.928539","196.227.33.189","172.16.112.100","TCP","60","1024 → 21 [ACK] Seq=220 Ack=705 Win=32120 Len=0"
"portsweep"," probe", "642","08:01:44.928736","196.227.33.189","172.16.112.100","TCP","60","1024 → 21 [FIN, ACK] Seq=220 Ack=705 Win=32120 Len=0"
"portsweep"," probe", "643","08:01:44.928872","172.16.112.100","196.227.33.189","TCP","60","21 → 1024 [ACK] Seq=705 Ack=221 Win=8541 Len=0"
"portsweep"," probe", "644","08:01:48.579398","","","LOOP","60","Reply"
"portsweep"," probe", "645","08:01:49.698293","172.16.0.1","224.0.0.9","RIPv2","86","Response"
"portsweep"," probe", "646","08:01:50.273049","172.16.112.50","172.16.112.10","NTP","90","NTP Version 3, client"
"portsweep"," probe", "647","08:01:50.273506","172.16.112.10","172.16.112.50","NTP","90","NTP Version 3, server"
"portsweep"," probe", "648","08:01:51.250072","192.168.1.30","172.16.112.5","SNMP","146","get-request 1.3.6.1.2.1.1.3.0 1.3.6.1.2.1.2.2.1.10.3 1.3.6.1.2.1.2.2.1.16.3 1.3.6.1.2.1.2.2.1.11.3 1.3.6.1.2.1.2.2.1.17.3"
"portsweep"," probe", "649","08:01:51.287066","172.16.112.5","192.168.1.30","SNMP","182","get-response 1.3.6.1.2.1.1.3.0 1.3.6.1.2.1.2.2.1.10.3 1.3.6.1.2.1.2.2.1.16.3 1.3.6.1.2.1.2.2.1.11.3 1.3.6.1.2.1.2.2.1.17.3"
"portsweep"," probe", "650","08:01:51.715356","192.168.1.10","172.16.112.10","NTP","90","NTP Version 3, symmetric active"
"portsweep"," probe", "651","08:01:52.915606","172.16.114.50","172.16.112.10","NTP","90","NTP Version 3, client"
"portsweep"," probe", "652","08:01:52.916049","172.16.112.10","172.16.114.50","NTP","90","NTP Version 3, server"
"portsweep"," probe", "653","08:01:53.212727","","","CDP","324","Device ID: loud.eyrie.af.mil.eyrie.af.mil  Port ID: Ethernet1  "
"portsweep"," probe", "654","08:01:54.486512","135.8.60.182","172.16.112.50","TCP","60","1052 → 23 [SYN] Seq=0 Win=512 Len=0 MSS=1460"
"portsweep"," probe", "655","08:01:54.486977","","","ARP","60","Who has 172.16.0.1? Tell 172.16.112.50"
"portsweep"," probe", "656","08:01:54.488745","","","ARP","60","172.16.0.1 is at 00:10:7b:38:46:33"
"portsweep"," probe", "657","08:01:54.489114","172.16.112.50","135.8.60.182","TCP","60","23 → 1052 [SYN, ACK] Seq=0 Ack=1 Win=8760 Len=0 MSS=1460"
"portsweep"," probe", "658","08:01:54.492078","135.8.60.182","172.16.112.50","TCP","60","1052 → 23 [ACK] Seq=1 Ack=1 Win=32120 Len=0"
"portsweep"," probe", "659","08:01:54.492699","135.8.60.182","172.16.112.50","TELNET","78","Telnet Data ..."
"portsweep"," probe", "660","08:01:54.542434","172.16.112.50","135.8.60.182","TCP","60","23 → 1052 [ACK] Seq=1 Ack=25 Win=8760 Len=0"
"portsweep"," probe", "661","08:01:54.568461","172.16.112.50","172.16.112.20","DNS","85","Standard query 0x0007 PTR 182.60.8.135.in-addr.arpa"
"portsweep"," probe", "662","08:01:54.569540","172.16.112.20","192.168.1.10","DNS","85","Standard query 0x4ad5 PTR 182.60.8.135.in-addr.arpa"
"portsweep"," probe", "663","08:01:54.573302","192.168.1.10","172.16.112.20","DNS","149","Standard query response 0x4ad5 PTR 182.60.8.135.in-addr.arpa PTR beta.banana.edu NS ns.banana.edu"
"portsweep"," probe", "664","08:01:54.573947","172.16.112.20","172.16.112.50","DNS","149","Standard query response 0x0007 PTR 182.60.8.135.in-addr.arpa PTR beta.banana.edu NS ns.banana.edu"
"portsweep"," probe", "665","08:01:54.574356","172.16.112.50","172.16.112.20","DNS","75","Standard query 0x0008 A beta.banana.edu"
"portsweep"," probe", "666","08:01:54.574768","172.16.112.20","192.168.1.10","DNS","75","Standard query 0x4ad6 A beta.banana.edu"
"portsweep"," probe", "667","08:01:54.575821","192.168.1.10","172.16.112.20","DNS","131","Standard query response 0x4ad6 A beta.banana.edu A 135.8.60.182 NS beta.banana.edu A 135.8.60.182"
"portsweep"," probe", "668","08:01:54.576395","172.16.112.20","172.16.112.50","DNS","131","Standard query response 0x0008 A beta.banana.edu A 135.8.60.182 NS beta.banana.edu A 135.8.60.182"
"portsweep"," probe", "669","08:01:54.576902","172.16.112.50","135.8.60.182","TELNET","69","Telnet Data ..."
"portsweep"," probe", "670","08:01:54.578630","135.8.60.182","172.16.112.50","TELNET","69","Telnet Data ..."
"portsweep"," probe", "671","08:01:54.578820","172.16.112.50","135.8.60.182","TELNET","69","Telnet Data ..."
"portsweep"," probe", "672","08:01:54.584328","206.48.44.50","172.16.113.50","IPv4","60","Fragmented IP protocol (proto=TCP 6, off=0, ID=aa69)"
"portsweep"," probe", "673","08:01:54.593971","135.8.60.182","172.16.112.50","TCP","60","1052 → 23 [ACK] Seq=40 Ack=31 Win=32120 Len=0"
"portsweep"," probe", "674","08:01:54.594138","172.16.112.50","135.8.60.182","TELNET","72","Telnet Data ..."
"portsweep"," probe", "675","08:01:54.613988","135.8.60.182","172.16.112.50","TCP","60","1052 → 23 [ACK] Seq=40 Ack=49 Win=32120 Len=0"
"portsweep"," probe", "676","08:01:54.629007","206.48.44.50","172.16.113.50","IPv4","60","Fragmented IP protocol (proto=TCP 6, off=8, ID=aa69)"
"portsweep"," probe", "677","08:01:54.644340","206.48.44.50","172.16.113.50","IPv4","60","Fragmented IP protocol (proto=TCP 6, off=8, ID=aa69)"
"portsweep"," probe", "678","08:01:54.650439","135.8.60.182","172.16.112.50","TELNET","70","Telnet Data ..."
"portsweep"," probe", "679","08:01:54.652736","172.16.112.50","135.8.60.182","TELNET","103","Telnet Data ..."
"portsweep"," probe", "680","08:01:54.663965","135.8.60.182","172.16.112.50","TCP","60","1052 → 23 [ACK] Seq=56 Ack=98 Win=32120 Len=0"
"portsweep"," probe", "681","08:01:54.674187","206.48.44.50","172.16.113.50","TCP","60","49826 → 514 [SYN] Seq=0 Win=2048 Len=0"
"portsweep"," probe", "682","08:01:54.675467","172.16.113.50","206.48.44.50","TCP","60","514 → 49826 [SYN, ACK] Seq=0 Ack=1 Win=4096 Len=0"
"portsweep"," probe", "683","08:01:54.696857","172.16.112.50","172.16.112.20","DNS","88","Standard query 0x0009 A beta.banana.edu.eyrie.af.mil"
"portsweep"," probe", "684","08:01:54.697331","172.16.112.20","172.16.112.50","DNS","154","Standard query response 0x0009 No such name A beta.banana.edu.eyrie.af.mil SOA hobbes.eyrie.af.mil"
"portsweep"," probe", "685","08:01:54.697784","172.16.112.50","172.16.112.20","DNS","75","Standard query 0x000a A beta.banana.edu"
"portsweep"," probe", "686","08:01:54.698223","172.16.112.20","172.16.112.50","DNS","131","Standard query response 0x000a A beta.banana.edu A 135.8.60.182 NS beta.banana.edu A 135.8.60.182"
"portsweep"," probe", "687","08:01:54.702729","172.16.112.50","135.8.60.182","TELNET","60","Telnet Data ..."
"portsweep"," probe", "688","08:01:54.703476","135.8.60.182","172.16.112.50","TELNET","60","Telnet Data ..."
"portsweep"," probe", "689","08:01:54.703686","172.16.112.50","135.8.60.182","TELNET","61","Telnet Data ..."
"portsweep"," probe", "690","08:01:54.719111","206.48.44.50","172.16.113.50","IPv4","60","Fragmented IP protocol (proto=TCP 6, off=0, ID=3a41)"
"portsweep"," probe", "691","08:01:54.723956","135.8.60.182","172.16.112.50","TCP","60","1052 → 23 [ACK] Seq=62 Ack=111 Win=32120 Len=0"
"portsweep"," probe", "692","08:01:54.724119","172.16.112.50","135.8.60.182","TELNET","60","Telnet Data ..."
"portsweep"," probe", "693","08:01:54.743940","135.8.60.182","172.16.112.50","TCP","60","1052 → 23 [ACK] Seq=62 Ack=114 Win=32120 Len=0"
"portsweep"," probe", "694","08:01:54.744305","206.48.44.50","172.16.113.50","IPv4","60","Fragmented IP protocol (proto=TCP 6, off=8, ID=3a41)"
"portsweep"," probe", "695","08:01:54.744542","206.48.44.50","172.16.113.50","IPv4","60","Fragmented IP protocol (proto=TCP 6, off=8, ID=3a41)"
"portsweep"," probe", "696","08:01:54.744725","206.48.44.50","172.16.113.50","TCP","60","49826 → 514 [RST] Seq=1 Win=0 Len=0"
"portsweep"," probe", "697","08:01:55.214840","135.8.60.182","172.16.112.50","TELNET","60","Telnet Data ..."
"portsweep"," probe", "698","08:01:55.215116","172.16.112.50","135.8.60.182","TELNET","60","Telnet Data ..."
"portsweep"," probe", "699","08:01:55.233849","135.8.60.182","172.16.112.50","TCP","60","1052 → 23 [ACK] Seq=63 Ack=115 Win=32120 Len=0"
"portsweep"," probe", "700","08:01:55.263950","135.8.60.182","172.16.112.50","TELNET","60","Telnet Data ..."
"portsweep"," probe", "701","08:01:55.264163","172.16.112.50","135.8.60.182","TELNET","60","Telnet Data ..."
"portsweep"," probe", "702","08:01:55.283835","135.8.60.182","172.16.112.50","TCP","60","1052 → 23 [ACK] Seq=64 Ack=116 Win=32120 Len=0"
"portsweep"," probe", "703","08:01:55.353940","135.8.60.182","172.16.112.50","TELNET","60","Telnet Data ..."
"portsweep"," probe", "704","08:01:55.354159","172.16.112.50","135.8.60.182","TELNET","60","Telnet Data ..."
"portsweep"," probe", "705","08:01:55.373822","135.8.60.182","172.16.112.50","TCP","60","1052 → 23 [ACK] Seq=65 Ack=117 Win=32120 Len=0"
"portsweep"," probe", "706","08:01:55.443905","135.8.60.182","172.16.112.50","TELNET","60","Telnet Data ..."
"portsweep"," probe", "707","08:01:55.444127","172.16.112.50","135.8.60.182","TELNET","60","Telnet Data ..."
"portsweep"," probe", "708","08:01:55.463801","135.8.60.182","172.16.112.50","TCP","60","1052 → 23 [ACK] Seq=66 Ack=118 Win=32120 Len=0"
"portsweep"," probe", "709","08:01:55.563905","135.8.60.182","172.16.112.50","TELNET","60","Telnet Data ..."
"portsweep"," probe", "710","08:01:55.564112","172.16.112.50","135.8.60.182","TELNET","60","Telnet Data ..."
"portsweep"," probe", "711","08:01:55.583771","135.8.60.182","172.16.112.50","TCP","60","1052 → 23 [ACK] Seq=67 Ack=119 Win=32120 Len=0"
"portsweep"," probe", "712","08:01:55.613884","135.8.60.182","172.16.112.50","TELNET","60","Telnet Data ..."
"portsweep"," probe", "713","08:01:55.614085","172.16.112.50","135.8.60.182","TELNET","60","Telnet Data ..."
"portsweep"," probe", "714","08:01:55.633763","135.8.60.182","172.16.112.50","TCP","60","1052 → 23 [ACK] Seq=68 Ack=120 Win=32120 Len=0"
"portsweep"," probe", "715","08:01:55.733859","135.8.60.182","172.16.112.50","TELNET","60","Telnet Data ..."
"portsweep"," probe", "716","08:01:55.734074","172.16.112.50","135.8.60.182","TELNET","60","Telnet Data ..."
"portsweep"," probe", "717","08:01:55.753737","135.8.60.182","172.16.112.50","TCP","60","1052 → 23 [ACK] Seq=69 Ack=121 Win=32120 Len=0"
"portsweep"," probe", "718","08:01:55.783838","135.8.60.182","172.16.112.50","TELNET","60","Telnet Data ..."
"portsweep"," probe", "719","08:01:55.784051","172.16.112.50","135.8.60.182","TELNET","60","Telnet Data ..."
"portsweep"," probe", "720","08:01:55.803729","135.8.60.182","172.16.112.50","TCP","60","1052 → 23 [ACK] Seq=70 Ack=122 Win=32120 Len=0"
"portsweep"," probe", "721","08:01:55.884442","135.8.60.182","172.16.112.50","TELNET","60","Telnet Data ..."
"portsweep"," probe", "722","08:01:55.884669","172.16.112.50","135.8.60.182","TELNET","60","Telnet Data ..."
"portsweep"," probe", "723","08:01:55.903708","135.8.60.182","172.16.112.50","TCP","60","1052 → 23 [ACK] Seq=72 Ack=124 Win=32120 Len=0"
"portsweep"," probe", "724","08:01:55.903906","172.16.112.50","135.8.60.182","TELNET","64","Telnet Data ..."
"portsweep"," probe", "725","08:01:55.923705","135.8.60.182","172.16.112.50","TCP","60","1052 → 23 [ACK] Seq=72 Ack=134 Win=32120 Len=0"
"portsweep"," probe", "726","08:01:55.928120","172.16.112.20","172.16.112.10","NTP","90","NTP Version 3, client"
"portsweep"," probe", "727","08:01:55.928514","172.16.112.10","172.16.112.20","NTP","90","NTP Version 3, server"
"portsweep"," probe", "728","08:01:56.452080","135.8.60.182","172.16.112.50","TELNET","60","Telnet Data ..."
"portsweep"," probe", "729","08:01:56.502142","172.16.112.50","135.8.60.182","TCP","60","23 → 1052 [ACK] Seq=134 Ack=73 Win=8760 Len=0"
"portsweep"," probe", "730","08:01:56.502891","135.8.60.182","172.16.112.50","TELNET","60","Telnet Data ..."
"portsweep"," probe", "731","08:01:56.552124","172.16.112.50","135.8.60.182","TCP","60","23 → 1052 [ACK] Seq=134 Ack=74 Win=8760 Len=0"
"portsweep"," probe", "732","08:01:56.552791","135.8.60.182","172.16.112.50","TELNET","60","Telnet Data ..."
"portsweep"," probe", "733","08:01:56.602135","172.16.112.50","135.8.60.182","TCP","60","23 → 1052 [ACK] Seq=134 Ack=75 Win=8760 Len=0"
"portsweep"," probe", "734","08:01:56.602806","135.8.60.182","172.16.112.50","TELNET","60","Telnet Data ..."
"portsweep"," probe", "735","08:01:56.652115","172.16.112.50","135.8.60.182","TCP","60","23 → 1052 [ACK] Seq=134 Ack=76 Win=8760 Len=0"
"portsweep"," probe", "736","08:01:56.652783","135.8.60.182","172.16.112.50","TELNET","60","Telnet Data ..."
"portsweep"," probe", "737","08:01:56.702108","172.16.112.50","135.8.60.182","TCP","60","23 → 1052 [ACK] Seq=134 Ack=77 Win=8760 Len=0"
"portsweep"," probe", "738","08:01:56.717858","135.8.60.182","172.16.112.50","TELNET","60","Telnet Data ..."
"portsweep"," probe", "739","08:01:56.762103","172.16.112.50","135.8.60.182","TCP","60","23 → 1052 [ACK] Seq=134 Ack=78 Win=8760 Len=0"
"portsweep"," probe", "740","08:01:56.763679","135.8.60.182","172.16.112.50","TELNET","60","Telnet Data ..."
"portsweep"," probe", "741","08:01:56.812099","172.16.112.50","135.8.60.182","TCP","60","23 → 1052 [ACK] Seq=134 Ack=79 Win=8760 Len=0"
"portsweep"," probe", "742","08:01:56.843619","135.8.60.182","172.16.112.50","TELNET","60","Telnet Data ..."
"portsweep"," probe", "743","08:01:56.892104","172.16.112.50","135.8.60.182","TCP","60","23 → 1052 [ACK] Seq=134 Ack=80 Win=8760 Len=0"
"portsweep"," probe", "744","08:01:56.894597","135.8.60.182","172.16.112.50","TELNET","60","Telnet Data ..."
"portsweep"," probe", "745","08:01:56.895362","172.16.112.50","135.8.60.182","TELNET","60","Telnet Data ..."
"portsweep"," probe", "746","08:01:56.913511","135.8.60.182","172.16.112.50","TCP","60","1052 → 23 [ACK] Seq=82 Ack=136 Win=32120 Len=0"
"portsweep"," probe", "747","08:01:57.092475","172.16.112.50","135.8.60.182","TELNET","1192","Telnet Data ..."
"portsweep"," probe", "748","08:01:57.113480","135.8.60.182","172.16.112.50","TCP","60","1052 → 23 [ACK] Seq=82 Ack=1274 Win=32120 Len=0"
"portsweep"," probe", "749","08:01:57.132973","172.16.112.50","135.8.60.182","TELNET","70","Telnet Data ..."
"portsweep"," probe", "750","08:01:57.153455","135.8.60.182","172.16.112.50","TCP","60","1052 → 23 [ACK] Seq=82 Ack=1290 Win=32120 Len=0"
"portsweep"," probe", "751","08:01:57.166777","172.16.112.50","135.8.60.182","TELNET","62","Telnet Data ..."
"portsweep"," probe", "752","08:01:57.183451","135.8.60.182","172.16.112.50","TCP","60","1052 → 23 [ACK] Seq=82 Ack=1298 Win=32120 Len=0"
"R"," R", "754","08:02:00.836908","172.16.112.100","172.16.112.10","NTP","90","NTP Version 1, client"
"R"," R", "755","08:02:00.837335","172.16.112.10","172.16.112.100","NTP","90","NTP Version 1, server"
"R"," R", "756","08:02:04.966158","172.16.112.20","172.16.255.255","RIPv1","66","Response"
"R"," R", "757","08:02:04.966362","172.16.112.20","172.16.118.255","RIPv1","66","Response"
"R"," R", "758","08:02:07.488838","172.16.113.50","172.16.112.10","NTP","90","NTP Version 3, client"
"R"," R", "759","08:02:07.489282","172.16.112.10","172.16.113.50","NTP","90","NTP Version 3, server"
"R"," R", "760","08:02:08.699026","","","LOOP","60","Reply"
"R"," R", "761","08:02:15.332025","172.16.0.1","224.0.0.9","RIPv2","86","Response"
"R"," R", "762","08:02:16.450965","172.16.114.169","135.8.60.182","TCP","60","1026 → 25 [SYN] Seq=0 Win=512 Len=0 MSS=1460"
"R"," R", "763","08:02:16.453628","135.8.60.182","172.16.114.169","TCP","60","25 → 1026 [SYN, ACK] Seq=0 Ack=1 Win=32736 Len=0 MSS=1460"
"R"," R", "764","08:02:16.453822","172.16.114.169","135.8.60.182","TCP","60","1026 → 25 [ACK] Seq=1 Ack=1 Win=32120 Len=0"
"R"," R", "765","08:02:16.467864","192.168.1.10","172.16.112.20","DNS","87","Standard query 0x43ab PTR 169.114.16.172.in-addr.arpa"
"R"," R", "766","08:02:16.468506","172.16.112.20","192.168.1.10","DNS","174","Standard query response 0x43ab PTR 169.114.16.172.in-addr.arpa PTR swan.eyrie.af.mil NS hobbes.eyrie.af.mil A 172.16.112.20"
"R"," R", "767","08:02:16.470633","192.168.1.10","172.16.112.20","DNS","77","Standard query 0x43ac A swan.eyrie.af.mil"
"R"," R", "768","08:02:16.471064","172.16.112.20","192.168.1.10","DNS","142","Standard query response 0x43ac A swan.eyrie.af.mil A 172.16.114.169 NS hobbes.eyrie.af.mil A 172.16.112.20"
"R"," R", "769","08:02:16.483059","135.8.60.182","172.16.114.169","SMTP","136","S: 220 beta.banana.edu Sendmail 4.1/SMI-4.1 ready at Fri, 9 Apr 1999 08:02:18 -0400"
"R"," R", "770","08:02:16.503173","172.16.114.169","135.8.60.182","TCP","60","1026 → 25 [ACK] Seq=1 Ack=83 Win=32120 Len=0"
"R"," R", "771","08:02:16.518343","172.16.114.169","135.8.60.182","SMTP","78","C: EHLO swan.eyrie.af.mil"
"R"," R", "772","08:02:16.519233","135.8.60.182","172.16.114.169","SMTP","80","S: 500 Command unrecognized"
"R"," R", "773","08:02:16.519645","172.16.114.169","135.8.60.182","SMTP","78","C: HELO swan.eyrie.af.mil"
"R"," R", "774","08:02:16.520446","135.8.60.182","172.16.114.169","SMTP","100","S: 250 (swan.eyrie.af.mil) pleased to meet you."
"R"," R", "775","08:02:16.520733","172.16.114.169","135.8.60.182","SMTP","93","C: MAIL From:<elisham@swan.eyrie.af.mil>"
"R"," R", "776","08:02:16.521561","135.8.60.182","172.16.114.169","SMTP","100","S: 250 <elisham@swan.eyrie.af.mil>... Sender Ok"
"R"," R", "777","08:02:16.521876","172.16.114.169","135.8.60.182","SMTP","87","C: RCPT To:<geneh@beta.banana.edu>"
"R"," R", "778","08:02:16.522650","135.8.60.182","172.16.114.169","SMTP","86","S: 250 <geneh@beta.banana.edu> OK"
"R"," R", "779","08:02:16.522928","172.16.114.169","135.8.60.182","SMTP","60","C: DATA"
"R"," R", "780","08:02:16.524011","135.8.60.182","172.16.114.169","SMTP","104","S: 354 Enter mail, end with ." on a line by itself""
"R"," R", "781","08:02:16.524937","172.16.114.169","135.8.60.182","IMF","870","subject: The exact name and, ,             The exact name and Dr: moderator is Not so far with The  ,             dictionary such a common use The want Dc Korn, shell  ,             files.  Oh did many platforms.   ,   ,             No it Could work fact that can think that now.  As well and  ,             life at night, will have had been sent them: but if they  ,             did am that we are on cover I asked me The unit value call  ,             me that Security fields on the erratic schedule is of if;  ,             proposition.  But other topics chapters in a files.  Do  ,             Re.   "
"R"," R", "782","08:02:16.526948","135.8.60.182","172.16.114.169","SMTP","73","S: 250 Mail accepted"
"R"," R", "783","08:02:16.527162","172.16.114.169","135.8.60.182","SMTP","60","C: QUIT"
"R"," R", "784","08:02:16.527905","135.8.60.182","172.16.114.169","SMTP","78","S: 221 Closing connection"
"R"," R", "785","08:02:16.528272","135.8.60.182","172.16.114.169","TCP","60","25 → 1026 [FIN, ACK] Seq=326 Ack=949 Win=32736 Len=0"
"R"," R", "786","08:02:16.528425","172.16.114.169","135.8.60.182","TCP","60","1026 → 25 [ACK] Seq=949 Ack=327 Win=32120 Len=0"
"R"," R", "787","08:02:16.530113","172.16.114.169","135.8.60.182","TCP","60","1026 → 25 [FIN, ACK] Seq=949 Ack=327 Win=32120 Len=0"
"R"," R", "788","08:02:16.530770","135.8.60.182","172.16.114.169","TCP","60","25 → 1026 [ACK] Seq=327 Ack=950 Win=32735 Len=0"
"R"," R", "789","08:02:18.314012","172.16.112.100","172.16.255.255","BROWSER","243","Local Master Announcement HUME, Workstation, Server, Domain Controller, NT Workstation, Master Browser"
"R"," R", "790","08:02:18.786577","","","LOOP","60","Reply"
