"R"," R", "3","08:00:01.361221","172.16.0.1","224.0.0.9","RIPv2","86","Response"
"R"," R", "4","08:00:04.360024","","","CDP","324","Device ID: loud.eyrie.af.mil.eyrie.af.mil  Port ID: Ethernet1  "
"R"," R", "5","08:00:04.753672","172.16.115.234","172.16.112.100","NBNS","110","Refresh NB PC0<03>"
"R"," R", "6","08:00:06.159998","192.168.1.10","172.16.112.10","NTP","90","NTP Version 3, symmetric active"
"R"," R", "7","08:00:06.255319","172.16.115.234","172.16.112.100","NBNS","110","Refresh NB PC0<03>"
"R"," R", "8","08:00:07.756952","172.16.115.234","172.16.112.100","NBNS","110","Refresh NB PC0<03>"
"R"," R", "9","08:00:08.925787","","","LOOP","60","Reply"
"R"," R", "10","08:00:09.214408","172.16.113.50","172.16.112.10","NTP","90","NTP Version 3, client"
"R"," R", "11","08:00:09.214819","172.16.112.10","172.16.113.50","NTP","90","NTP Version 3, server"
"R"," R", "12","08:00:18.923585","","","LOOP","60","Reply"
"R"," R", "13","08:00:21.200139","172.16.112.20","172.16.255.255","RIPv1","66","Response"
"R"," R", "14","08:00:21.200331","172.16.112.20","172.16.118.255","RIPv1","66","Response"
"R"," R", "15","08:00:28.921397","","","LOOP","60","Reply"
"R"," R", "16","08:00:29.105449","172.16.112.50","172.16.112.10","NTP","90","NTP Version 3, client"
"R"," R", "17","08:00:29.105908","172.16.112.10","172.16.112.50","NTP","90","NTP Version 3, server"
"R"," R", "18","08:00:30.192221","172.16.0.1","224.0.0.9","RIPv2","86","Response"
"R"," R", "19","08:00:39.031398","","","LOOP","60","Reply"
"R"," R", "20","08:00:42.539705","192.168.1.10","172.16.112.20","DNS","77","Standard query 0x1d7a A crow.eyrie.af.mil"
"R"," R", "21","08:00:42.540819","172.16.112.20","192.168.1.10","DNS","142","Standard query response 0x1d7a A crow.eyrie.af.mil A 172.16.114.148 NS hobbes.eyrie.af.mil A 172.16.112.20"
"R"," R", "22","08:00:42.546023","194.27.251.21","172.16.114.148","TCP","60","1024 → 21 [SYN] Seq=0 Win=512 Len=0 MSS=1460"
"R"," R", "23","08:00:42.546363","172.16.114.148","194.27.251.21","TCP","60","21 → 1024 [SYN, ACK] Seq=0 Ack=1 Win=32736 Len=0 MSS=1460"
"R"," R", "24","08:00:42.549168","194.27.251.21","172.16.114.148","TCP","60","1024 → 21 [ACK] Seq=1 Ack=1 Win=32120 Len=0"
"R"," R", "25","08:00:42.673165","172.16.112.20","192.168.1.10","DNS","86","Standard query 0x6760 PTR 21.251.27.194.in-addr.arpa"
"R"," R", "26","08:00:42.674621","192.168.1.10","172.16.112.20","DNS","155","Standard query response 0x6760 PTR 21.251.27.194.in-addr.arpa PTR gamma.grape.mil NS ns.grape.mil"
"R"," R", "27","08:00:42.704851","172.16.114.148","194.27.251.21","FTP","163","Response: 220 hobbes.eyrie.af.mil FTP server (Version wu-2.4.2-academ[BETA-15](1) Sat Nov 1 03:08:32 EST 1997) ready."
"R"," R", "28","08:00:42.721584","194.27.251.21","172.16.114.148","TCP","60","1024 → 21 [ACK] Seq=1 Ack=110 Win=32120 Len=0"
"R"," R", "29","08:00:43.012343","194.27.251.21","172.16.114.148","FTP","70","Request: USER anonymous"
"R"," R", "30","08:00:43.024856","172.16.114.148","194.27.251.21","TCP","60","21 → 1024 [ACK] Seq=110 Ack=17 Win=32736 Len=0"
"R"," R", "31","08:00:43.061437","172.16.114.148","194.27.251.21","FTP","122","Response: 331 Guest login ok, send your complete e-mail address as password."
"R"," R", "32","08:00:43.081502","194.27.251.21","172.16.114.148","TCP","60","1024 → 21 [ACK] Seq=17 Ack=178 Win=32120 Len=0"
"R"," R", "33","08:00:43.652119","194.27.251.21","172.16.114.148","FTP","85","Request: PASS percivad@gamma.grape.mil"
"R"," R", "34","08:00:43.664749","172.16.114.148","194.27.251.21","TCP","60","21 → 1024 [ACK] Seq=178 Ack=48 Win=32736 Len=0"
"R"," R", "35","08:00:43.729796","172.16.114.148","194.27.251.21","FTP","102","Response: 230 Guest login ok, access restrictions apply."
"R"," R", "36","08:00:43.730767","194.27.251.21","172.16.114.148","FTP","60","Request: SYST"
"R"," R", "37","08:00:43.744724","172.16.114.148","194.27.251.21","TCP","60","21 → 1024 [ACK] Seq=226 Ack=54 Win=32730 Len=0"
"R"," R", "38","08:00:43.779821","172.16.114.148","194.27.251.21","FTP","73","Response: 215 UNIX Type: L8"
"R"," R", "39","08:00:43.791356","194.27.251.21","172.16.114.148","TCP","60","1024 → 21 [ACK] Seq=54 Ack=245 Win=32120 Len=0"
"R"," R", "40","08:00:44.822437","194.27.251.21","172.16.114.148","FTP","78","Request: PORT 194,27,251,21,4,2"
"R"," R", "41","08:00:44.822945","172.16.114.148","194.27.251.21","FTP","84","Response: 200 PORT command successful."
"R"," R", "42","08:00:44.823962","194.27.251.21","172.16.114.148","FTP","60","Request: LIST"
"R"," R", "43","08:00:44.826353","172.16.114.148","194.27.251.21","TCP","60","20 → 1026 [SYN] Seq=0 Win=512 Len=0 MSS=1460"
"R"," R", "44","08:00:44.827148","194.27.251.21","172.16.114.148","TCP","60","1026 → 20 [SYN, ACK] Seq=0 Ack=1 Win=32736 Len=0 MSS=1460"
"R"," R", "45","08:00:44.827334","172.16.114.148","194.27.251.21","TCP","60","20 → 1026 [ACK] Seq=1 Ack=1 Win=32120 Len=0"
"R"," R", "46","08:00:44.827935","172.16.114.148","194.27.251.21","FTP","107","Response: 150 Opening ASCII mode data connection for /bin/ls."
"R"," R", "47","08:00:44.841153","194.27.251.21","172.16.114.148","TCP","60","1024 → 21 [ACK] Seq=84 Ack=328 Win=32120 Len=0"
"R"," R", "48","08:00:45.442836","172.16.114.148","194.27.251.21","FTP-DATA","876","FTP Data: 822 bytes"
"R"," R", "49","08:00:45.442906","172.16.114.148","194.27.251.21","FTP","78","Response: 226 Transfer complete."
"R"," R", "50","08:00:45.442977","172.16.114.148","194.27.251.21","TCP","60","20 → 1026 [FIN, ACK] Seq=823 Ack=1 Win=32120 Len=0"
"R"," R", "51","08:00:45.444294","194.27.251.21","172.16.114.148","TCP","60","1026 → 20 [ACK] Seq=1 Ack=824 Win=31913 Len=0"
"R"," R", "52","08:00:45.454578","194.27.251.21","172.16.114.148","TCP","60","1026 → 20 [FIN, ACK] Seq=1 Ack=824 Win=32736 Len=0"
"R"," R", "53","08:00:45.454733","172.16.114.148","194.27.251.21","TCP","60","20 → 1026 [ACK] Seq=824 Ack=2 Win=32120 Len=0"
"R"," R", "54","08:00:45.461028","194.27.251.21","172.16.114.148","TCP","60","1024 → 21 [ACK] Seq=84 Ack=352 Win=32120 Len=0"
"R"," R", "55","08:00:46.178934","","","ARP","60","Who has 172.16.0.1? Tell 172.16.114.50"
"R"," R", "56","08:00:46.180537","","","ARP","60","172.16.0.1 is at 00:10:7b:38:46:33"
"R"," R", "57","08:00:46.681479","194.27.251.21","172.16.114.148","FTP","72","Request: CWD mailing_list"
"R"," R", "58","08:00:46.694071","172.16.114.148","194.27.251.21","TCP","60","21 → 1024 [ACK] Seq=352 Ack=102 Win=32736 Len=0"
"R"," R", "59","08:00:46.697214","172.16.114.148","194.27.251.21","FTP","83","Response: 250 CWD command successful."
"R"," R", "60","08:00:46.710762","194.27.251.21","172.16.114.148","TCP","60","1024 → 21 [ACK] Seq=102 Ack=381 Win=32120 Len=0"
"R"," R", "61","08:00:47.792023","194.27.251.21","172.16.114.148","FTP","78","Request: PORT 194,27,251,21,4,3"
"R"," R", "62","08:00:47.792603","172.16.114.148","194.27.251.21","FTP","84","Response: 200 PORT command successful."
"R"," R", "63","08:00:47.793659","194.27.251.21","172.16.114.148","FTP","60","Request: LIST"
"R"," R", "64","08:00:47.795852","172.16.114.148","194.27.251.21","TCP","60","20 → 1027 [SYN] Seq=0 Win=512 Len=0 MSS=1460"
"R"," R", "65","08:00:47.796671","194.27.251.21","172.16.114.148","TCP","60","1027 → 20 [SYN, ACK] Seq=0 Ack=1 Win=32736 Len=0 MSS=1460"
"R"," R", "66","08:00:47.796845","172.16.114.148","194.27.251.21","TCP","60","20 → 1027 [ACK] Seq=1 Ack=1 Win=32120 Len=0"
"R"," R", "67","08:00:47.803629","172.16.114.148","194.27.251.21","FTP","107","Response: 150 Opening ASCII mode data connection for /bin/ls."
"R"," R", "68","08:00:47.803933","172.16.114.148","194.27.251.21","FTP-DATA","244","FTP Data: 190 bytes"
"R"," R", "69","08:00:47.804002","172.16.114.148","194.27.251.21","TCP","60","20 → 1027 [FIN, ACK] Seq=191 Ack=1 Win=32120 Len=0"
"R"," R", "70","08:00:47.804905","194.27.251.21","172.16.114.148","TCP","60","1027 → 20 [ACK] Seq=1 Ack=192 Win=32545 Len=0"
"R"," R", "71","08:00:47.806565","194.27.251.21","172.16.114.148","TCP","60","1027 → 20 [FIN, ACK] Seq=1 Ack=192 Win=32736 Len=0"
"R"," R", "72","08:00:47.806755","172.16.114.148","194.27.251.21","TCP","60","20 → 1027 [ACK] Seq=192 Ack=2 Win=32120 Len=0"
"R"," R", "73","08:00:47.820552","194.27.251.21","172.16.114.148","TCP","60","1024 → 21 [ACK] Seq=132 Ack=464 Win=32120 Len=0"
"R"," R", "74","08:00:47.820728","172.16.114.148","194.27.251.21","FTP","78","Response: 226 Transfer complete."
"R"," R", "75","08:00:47.840566","194.27.251.21","172.16.114.148","TCP","60","1024 → 21 [ACK] Seq=132 Ack=488 Win=32120 Len=0"
"R"," R", "76","08:00:48.971212","194.27.251.21","172.16.114.148","FTP","67","Request: CWD archive"
"R"," R", "77","08:00:48.974095","172.16.114.148","194.27.251.21","FTP","83","Response: 250 CWD command successful."
"R"," R", "78","08:00:48.990303","194.27.251.21","172.16.114.148","TCP","60","1024 → 21 [ACK] Seq=145 Ack=517 Win=32120 Len=0"
"R"," R", "79","08:00:49.028977","","","LOOP","60","Reply"
"R"," R", "80","08:00:49.841011","194.27.251.21","172.16.114.148","FTP","78","Request: PORT 194,27,251,21,4,4"
"R"," R", "81","08:00:49.841288","172.16.114.148","194.27.251.21","FTP","84","Response: 200 PORT command successful."
"R"," R", "82","08:00:49.842236","194.27.251.21","172.16.114.148","FTP","60","Request: LIST"
"R"," R", "83","08:00:49.844324","172.16.114.148","194.27.251.21","TCP","60","20 → 1028 [SYN] Seq=0 Win=512 Len=0 MSS=1460"
"R"," R", "84","08:00:49.845100","194.27.251.21","172.16.114.148","TCP","60","1028 → 20 [SYN, ACK] Seq=0 Ack=1 Win=32736 Len=0 MSS=1460"
"R"," R", "85","08:00:49.845280","172.16.114.148","194.27.251.21","TCP","60","20 → 1028 [ACK] Seq=1 Ack=1 Win=32120 Len=0"
"R"," R", "86","08:00:49.849585","172.16.114.148","194.27.251.21","FTP","107","Response: 150 Opening ASCII mode data connection for /bin/ls."
"R"," R", "87","08:00:49.865548","172.16.114.148","194.27.251.21","FTP-DATA","306","FTP Data: 252 bytes"
"R"," R", "88","08:00:49.865618","172.16.114.148","194.27.251.21","TCP","60","20 → 1028 [FIN, ACK] Seq=253 Ack=1 Win=32120 Len=0"
"R"," R", "89","08:00:49.866499","194.27.251.21","172.16.114.148","TCP","60","1028 → 20 [ACK] Seq=1 Ack=254 Win=32483 Len=0"
"R"," R", "90","08:00:49.868605","194.27.251.21","172.16.114.148","TCP","60","1028 → 20 [FIN, ACK] Seq=1 Ack=254 Win=32736 Len=0"
"R"," R", "91","08:00:49.868763","172.16.114.148","194.27.251.21","TCP","60","20 → 1028 [ACK] Seq=254 Ack=2 Win=32120 Len=0"
"R"," R", "92","08:00:49.870124","194.27.251.21","172.16.114.148","TCP","60","1024 → 21 [ACK] Seq=175 Ack=600 Win=32120 Len=0"
"R"," R", "93","08:00:49.870278","172.16.114.148","194.27.251.21","FTP","78","Response: 226 Transfer complete."
"R"," R", "94","08:00:49.890118","194.27.251.21","172.16.114.148","TCP","60","1024 → 21 [ACK] Seq=175 Ack=624 Win=32120 Len=0"
"R"," R", "95","08:00:50.981099","194.27.251.21","172.16.114.148","FTP","67","Request: CWD bugtraq"
"R"," R", "96","08:00:50.993071","172.16.114.148","194.27.251.21","FTP","83","Response: 250 CWD command successful."
"R"," R", "97","08:00:51.009906","194.27.251.21","172.16.114.148","TCP","60","1024 → 21 [ACK] Seq=188 Ack=653 Win=32120 Len=0"
"R"," R", "98","08:00:51.193902","172.16.112.20","172.16.255.255","RIPv1","66","Response"
"R"," R", "99","08:00:51.194099","172.16.112.20","172.16.118.255","RIPv1","66","Response"
"R"," R", "100","08:00:52.230678","194.27.251.21","172.16.114.148","FTP","79","Request: PORT 194,27,251,21,4,25"
"R"," R", "101","08:00:52.231072","172.16.114.148","194.27.251.21","FTP","84","Response: 200 PORT command successful."
"R"," R", "102","08:00:52.231928","194.27.251.21","172.16.114.148","FTP","60","Request: LIST"
"R"," R", "103","08:00:52.233817","172.16.114.148","194.27.251.21","TCP","60","20 → 1049 [SYN] Seq=0 Win=512 Len=0 MSS=1460"
"R"," R", "104","08:00:52.234613","194.27.251.21","172.16.114.148","TCP","60","1049 → 20 [SYN, ACK] Seq=0 Ack=1 Win=32736 Len=0 MSS=1460"
"R"," R", "105","08:00:52.234792","172.16.114.148","194.27.251.21","TCP","60","20 → 1049 [ACK] Seq=1 Ack=1 Win=32120 Len=0"
"R"," R", "106","08:00:52.240430","172.16.114.148","194.27.251.21","FTP","107","Response: 150 Opening ASCII mode data connection for /bin/ls."
"R"," R", "107","08:00:52.259647","194.27.251.21","172.16.114.148","TCP","60","1024 → 21 [ACK] Seq=219 Ack=736 Win=32120 Len=0"
"R"," R", "108","08:00:52.273622","172.16.114.148","194.27.251.21","FTP-DATA","1078","FTP Data: 1024 bytes"
"R"," R", "109","08:00:52.274853","172.16.114.148","194.27.251.21","FTP-DATA","1514","FTP Data: 1460 bytes"
"R"," R", "110","08:00:52.275254","172.16.114.148","194.27.251.21","FTP","78","Response: 226 Transfer complete."
"R"," R", "111","08:00:52.289642","194.27.251.21","172.16.114.148","TCP","60","1024 → 21 [ACK] Seq=219 Ack=760 Win=32120 Len=0"
"R"," R", "112","08:00:52.289834","194.27.251.21","172.16.114.148","TCP","60","1049 → 20 [ACK] Seq=1 Ack=2485 Win=32736 Len=0"
"R"," R", "113","08:00:52.291182","172.16.114.148","194.27.251.21","FTP-DATA","1514","FTP Data: 1460 bytes"
"R"," R", "114","08:00:52.292413","172.16.114.148","194.27.251.21","FTP-DATA","1514","FTP Data: 1460 bytes"
"R"," R", "115","08:00:52.293645","172.16.114.148","194.27.251.21","FTP-DATA","1514","FTP Data: 1460 bytes"
"R"," R", "116","08:00:52.299650","194.27.251.21","172.16.114.148","TCP","60","1049 → 20 [ACK] Seq=1 Ack=6865 Win=29200 Len=0"
"R"," R", "117","08:00:52.300425","172.16.114.148","194.27.251.21","FTP-DATA","848","FTP Data: 794 bytes"
"R"," R", "118","08:00:52.300495","172.16.114.148","194.27.251.21","TCP","60","20 → 1049 [FIN, ACK] Seq=7659 Ack=1 Win=32120 Len=0"
"R"," R", "119","08:00:52.301811","194.27.251.21","172.16.114.148","TCP","60","1049 → 20 [ACK] Seq=1 Ack=7660 Win=29200 Len=0"
"R"," R", "120","08:00:52.347207","194.27.251.21","172.16.114.148","TCP","60","1049 → 20 [FIN, ACK] Seq=1 Ack=7660 Win=32120 Len=0"
"R"," R", "121","08:00:52.347341","172.16.114.148","194.27.251.21","TCP","60","20 → 1049 [ACK] Seq=7660 Ack=2 Win=32120 Len=0"
"R"," R", "122","08:00:53.500201","194.27.251.21","172.16.114.148","FTP","62","Request: TYPE I"
"R"," R", "123","08:00:53.500512","172.16.114.148","194.27.251.21","FTP","74","Response: 200 Type set to I."
"R"," R", "124","08:00:53.519385","194.27.251.21","172.16.114.148","TCP","60","1024 → 21 [ACK] Seq=227 Ack=780 Win=32120 Len=0"
"R"," R", "125","08:00:55.670135","194.27.251.21","172.16.114.148","FTP","79","Request: PORT 194,27,251,21,4,28"
"R"," R", "126","08:00:55.670643","172.16.114.148","194.27.251.21","FTP","84","Response: 200 PORT command successful."
"R"," R", "127","08:00:55.671555","194.27.251.21","172.16.114.148","FTP","70","Request: RETR 0045.html"
"R"," R", "128","08:00:55.673589","172.16.114.148","194.27.251.21","TCP","60","20 → 1052 [SYN] Seq=0 Win=512 Len=0 MSS=1460"
"R"," R", "129","08:00:55.674384","194.27.251.21","172.16.114.148","TCP","60","1052 → 20 [SYN, ACK] Seq=0 Ack=1 Win=32736 Len=0 MSS=1460"
"R"," R", "130","08:00:55.674541","172.16.114.148","194.27.251.21","TCP","60","20 → 1052 [ACK] Seq=1 Ack=1 Win=32120 Len=0"
"R"," R", "131","08:00:55.674690","172.16.114.148","194.27.251.21","FTP","123","Response: 150 Opening BINARY mode data connection for 0045.html (2980 bytes)."
"R"," R", "132","08:00:55.688948","194.27.251.21","172.16.114.148","TCP","60","1024 → 21 [ACK] Seq=268 Ack=879 Win=32120 Len=0"
"R"," R", "133","08:00:55.693001","172.16.114.148","194.27.251.21","FTP-DATA","1514","FTP Data: 1460 bytes"
"R"," R", "134","08:00:55.694233","172.16.114.148","194.27.251.21","FTP-DATA","1514","FTP Data: 1460 bytes"
"R"," R", "135","08:00:55.694319","172.16.114.148","194.27.251.21","FTP","78","Response: 226 Transfer complete."
"R"," R", "136","08:00:55.698943","194.27.251.21","172.16.114.148","TCP","60","1052 → 20 [ACK] Seq=1 Ack=2921 Win=32736 Len=0"
"R"," R", "137","08:00:55.699143","172.16.114.148","194.27.251.21","FTP-DATA","114","FTP Data: 60 bytes"
"R"," R", "138","08:00:55.699213","172.16.114.148","194.27.251.21","TCP","60","20 → 1052 [FIN, ACK] Seq=2981 Ack=1 Win=32120 Len=0"
"R"," R", "139","08:00:55.700034","194.27.251.21","172.16.114.148","TCP","60","1052 → 20 [ACK] Seq=1 Ack=2982 Win=32675 Len=0"
"R"," R", "140","08:00:55.708939","194.27.251.21","172.16.114.148","TCP","60","1024 → 21 [ACK] Seq=268 Ack=903 Win=32120 Len=0"
"R"," R", "141","08:00:55.714870","194.27.251.21","172.16.114.148","TCP","60","1052 → 20 [FIN, ACK] Seq=1 Ack=2982 Win=32736 Len=0"
"R"," R", "142","08:00:55.715022","172.16.114.148","194.27.251.21","TCP","60","20 → 1052 [ACK] Seq=2982 Ack=2 Win=32120 Len=0"
"R"," R", "143","08:00:57.912828","172.16.0.1","224.0.0.9","RIPv2","86","Response"
"R"," R", "144","08:00:59.026812","","","LOOP","60","Reply"
"R"," R", "145","08:01:02.421607","172.16.112.20","172.16.112.10","NTP","90","NTP Version 3, client"
"R"," R", "146","08:01:02.422072","172.16.112.10","172.16.112.20","NTP","90","NTP Version 3, server"
"R"," R", "147","08:01:03.755480","172.16.114.50","172.16.112.10","NTP","90","NTP Version 3, client"
"R"," R", "148","08:01:03.755852","172.16.112.10","172.16.114.50","NTP","90","NTP Version 3, server"
"R"," R", "149","08:01:04.357876","172.16.112.100","172.16.112.10","NTP","90","NTP Version 1, client"
"R"," R", "150","08:01:04.358261","172.16.112.10","172.16.112.100","NTP","90","NTP Version 1, server"
"R"," R", "151","08:01:04.390877","","","CDP","324","Device ID: loud.eyrie.af.mil.eyrie.af.mil  Port ID: Ethernet1  "
"R"," R", "152","08:01:06.423683","","","ARP","60","Who has 172.16.112.20? Tell 172.16.112.100"
"R"," R", "153","08:01:06.423815","","","ARP","60","172.16.112.20 is at 00:c0:4f:a3:57:db"
"R"," R", "154","08:01:06.423936","172.16.112.100","172.16.112.20","DNS","76","Standard query 0x0001 A www.eyrie.af.mil"
"R"," R", "155","08:01:06.424931","172.16.112.20","172.16.112.100","DNS","141","Standard query response 0x0001 A www.eyrie.af.mil A 172.16.114.50 NS hobbes.eyrie.af.mil A 172.16.112.20"
"R"," R", "156","08:01:06.521984","","","ARP","60","Who has 172.16.114.50? Tell 172.16.112.100"
"R"," R", "157","08:01:06.522162","","","ARP","60","172.16.114.50 is at 00:00:c0:17:79:5a"
"R"," R", "158","08:01:06.522271","172.16.112.100","172.16.114.50","TCP","60","1070 → 80 [SYN] Seq=0 Win=8192 Len=0 MSS=1460"
"R"," R", "159","08:01:06.522652","172.16.114.50","172.16.112.100","TCP","60","80 → 1070 [SYN, ACK] Seq=0 Ack=1 Win=31744 Len=0 MSS=1460"
"R"," R", "160","08:01:06.522775","172.16.112.100","172.16.114.50","TCP","60","1070 → 80 [ACK] Seq=1 Ack=1 Win=8760 Len=0"
"R"," R", "161","08:01:06.607893","194.27.251.21","172.16.114.148","FTP","60","Request: QUIT"
"R"," R", "162","08:01:06.608264","172.16.114.148","194.27.251.21","FTP","68","Response: 221 Goodbye."
"R"," R", "163","08:01:06.609139","194.27.251.21","172.16.114.148","TCP","60","1024 → 21 [FIN, ACK] Seq=274 Ack=917 Win=32120 Len=0"
"R"," R", "164","08:01:06.609209","172.16.114.148","194.27.251.21","TCP","60","21 → 1024 [FIN, ACK] Seq=917 Ack=274 Win=32736 Len=0"
"R"," R", "165","08:01:06.609309","172.16.114.148","194.27.251.21","TCP","60","21 → 1024 [ACK] Seq=918 Ack=275 Win=32735 Len=0"
"R"," R", "166","08:01:06.610157","194.27.251.21","172.16.114.148","TCP","60","1024 → 21 [ACK] Seq=275 Ack=918 Win=32120 Len=0"
"R"," R", "167","08:01:06.714913","172.16.112.100","172.16.114.50","HTTP","330","GET /welcome.htm HTTP/1.0 "
"R"," R", "168","08:01:06.716368","","","ARP","60","Who has 172.16.112.20? Tell 172.16.114.50"
"R"," R", "169","08:01:06.716499","","","ARP","60","172.16.112.20 is at 00:c0:4f:a3:57:db"
"R"," R", "170","08:01:06.716724","172.16.114.50","172.16.112.20","DNS","87","Standard query 0xa8e0 PTR 100.112.16.172.in-addr.arpa"
"R"," R", "171","08:01:06.717581","172.16.112.20","172.16.114.50","DNS","174","Standard query response 0xa8e0 PTR 100.112.16.172.in-addr.arpa PTR hume.eyrie.af.mil NS hobbes.eyrie.af.mil A 172.16.112.20"
"R"," R", "172","08:01:06.734669","172.16.114.50","172.16.112.100","TCP","60","80 → 1070 [ACK] Seq=1 Ack=277 Win=31744 Len=0"
"R"," R", "173","08:01:06.977954","172.16.114.50","172.16.112.100","TCP","280","[TCP segment of a reassembled PDU]"
"R"," R", "174","08:01:07.132972","172.16.112.100","172.16.114.50","TCP","60","1070 → 80 [ACK] Seq=277 Ack=227 Win=8534 Len=0"
"R"," R", "175","08:01:07.134689","172.16.114.50","172.16.112.100","HTTP","1460","HTTP/1.0 200 OK  (text/html)"
"R"," R", "176","08:01:07.158768","172.16.112.100","172.16.114.50","TCP","60","1071 → 80 [SYN] Seq=0 Win=8192 Len=0 MSS=1460"
"R"," R", "177","08:01:07.159069","172.16.114.50","172.16.112.100","TCP","60","80 → 1071 [SYN, ACK] Seq=0 Ack=1 Win=31744 Len=0 MSS=1460"
"R"," R", "178","08:01:07.159191","172.16.112.100","172.16.114.50","TCP","60","1071 → 80 [ACK] Seq=1 Ack=1 Win=8760 Len=0"
"R"," R", "179","08:01:07.167321","172.16.112.100","172.16.114.50","TCP","60","1072 → 80 [SYN] Seq=0 Win=8192 Len=0 MSS=1460"
"R"," R", "180","08:01:07.167565","172.16.114.50","172.16.112.100","TCP","60","80 → 1072 [SYN, ACK] Seq=0 Ack=1 Win=31744 Len=0 MSS=1460"
"R"," R", "181","08:01:07.167682","172.16.112.100","172.16.114.50","TCP","60","1072 → 80 [ACK] Seq=1 Ack=1 Win=8760 Len=0"
"R"," R", "182","08:01:07.207252","172.16.112.100","172.16.114.50","TCP","60","1073 → 80 [SYN] Seq=0 Win=8192 Len=0 MSS=1460"
"R"," R", "183","08:01:07.207506","172.16.114.50","172.16.112.100","TCP","60","80 → 1073 [SYN, ACK] Seq=0 Ack=1 Win=31744 Len=0 MSS=1460"
"R"," R", "184","08:01:07.207627","172.16.112.100","172.16.114.50","TCP","60","1073 → 80 [ACK] Seq=1 Ack=1 Win=8760 Len=0"
"R"," R", "185","08:01:07.275522","172.16.112.100","172.16.114.50","HTTP","369","GET /5star2.gif HTTP/1.0 "
"R"," R", "186","08:01:07.278703","172.16.112.100","172.16.114.50","HTTP","371","GET /worldmap.jpg HTTP/1.0 "
"R"," R", "187","08:01:07.279232","172.16.112.100","172.16.114.50","HTTP","370","GET /warning.gif HTTP/1.0 "
"R"," R", "188","08:01:07.279987","172.16.112.100","172.16.114.50","HTTP","369","GET /header.gif HTTP/1.0 "
"R"," R", "189","08:01:07.280080","172.16.114.50","172.16.112.20","DNS","87","Standard query 0x6874 PTR 100.112.16.172.in-addr.arpa"
"R"," R", "190","08:01:07.281189","172.16.112.20","172.16.114.50","DNS","174","Standard query response 0x6874 PTR 100.112.16.172.in-addr.arpa PTR hume.eyrie.af.mil NS hobbes.eyrie.af.mil A 172.16.112.20"
"R"," R", "191","08:01:07.281284","172.16.114.50","172.16.112.20","DNS","87","Standard query 0x363a PTR 100.112.16.172.in-addr.arpa"
"R"," R", "192","08:01:07.281781","172.16.112.20","172.16.114.50","DNS","174","Standard query response 0x363a PTR 100.112.16.172.in-addr.arpa PTR hume.eyrie.af.mil NS hobbes.eyrie.af.mil A 172.16.112.20"
"R"," R", "193","08:01:07.282495","172.16.114.50","172.16.112.20","DNS","87","Standard query 0xccfa PTR 100.112.16.172.in-addr.arpa"
"R"," R", "194","08:01:07.282994","172.16.112.20","172.16.114.50","DNS","174","Standard query response 0xccfa PTR 100.112.16.172.in-addr.arpa PTR hume.eyrie.af.mil NS hobbes.eyrie.af.mil A 172.16.112.20"
"R"," R", "195","08:01:07.294549","172.16.114.50","172.16.112.100","TCP","60","80 → 1073 [ACK] Seq=1 Ack=316 Win=31744 Len=0"
"R"," R", "196","08:01:07.294653","172.16.114.50","172.16.112.100","TCP","60","80 → 1072 [ACK] Seq=1 Ack=317 Win=31744 Len=0"
"R"," R", "197","08:01:07.294750","172.16.114.50","172.16.112.100","TCP","60","80 → 1071 [ACK] Seq=1 Ack=318 Win=31744 Len=0"
"R"," R", "198","08:01:07.294846","172.16.114.50","172.16.112.100","TCP","60","80 → 1070 [ACK] Seq=1633 Ack=592 Win=31744 Len=0"
"R"," R", "199","08:01:07.297747","172.16.114.50","172.16.112.100","TCP","280","[TCP segment of a reassembled PDU]"
"R"," R", "200","08:01:07.298679","172.16.114.50","172.16.112.100","TCP","280","[TCP segment of a reassembled PDU]"
"R"," R", "201","08:01:07.299574","172.16.114.50","172.16.112.100","TCP","280","[TCP segment of a reassembled PDU]"
"R"," R", "202","08:01:07.300346","172.16.114.50","172.16.112.100","TCP","282","[TCP segment of a reassembled PDU]"
"R"," R", "203","08:01:07.324931","172.16.114.50","172.16.112.100","TCP","1514","[TCP segment of a reassembled PDU]"
"R"," R", "204","08:01:07.325131","172.16.112.100","172.16.114.50","TCP","60","1071 → 80 [ACK] Seq=318 Ack=1689 Win=8760 Len=0"
"R"," R", "205","08:01:07.326924","172.16.114.50","172.16.112.100","TCP","1514","[TCP segment of a reassembled PDU]"
"R"," R", "206","08:01:07.328186","172.16.114.50","172.16.112.100","TCP","1514","[TCP segment of a reassembled PDU]"
"R"," R", "207","08:01:07.329443","172.16.114.50","172.16.112.100","TCP","1514","[TCP segment of a reassembled PDU]"
"R"," R", "208","08:01:07.329513","172.16.112.100","172.16.114.50","TCP","60","1071 → 80 [ACK] Seq=318 Ack=4609 Win=8760 Len=0"
"R"," R", "209","08:01:07.331288","172.16.114.50","172.16.112.100","TCP","1514","[TCP segment of a reassembled PDU]"
"R"," R", "210","08:01:07.332555","172.16.114.50","172.16.112.100","TCP","1514","[TCP segment of a reassembled PDU]"
"R"," R", "211","08:01:07.332619","172.16.112.100","172.16.114.50","TCP","60","1071 → 80 [ACK] Seq=318 Ack=7529 Win=8760 Len=0"
"R"," R", "212","08:01:07.333850","172.16.114.50","172.16.112.100","TCP","1514","[TCP segment of a reassembled PDU]"
"R"," R", "213","08:01:07.333924","172.16.112.100","172.16.114.50","TCP","60","1071 → 80 [ACK] Seq=318 Ack=8989 Win=7300 Len=0"
"R"," R", "214","08:01:07.336240","172.16.114.50","172.16.112.100","TCP","1514","[TCP segment of a reassembled PDU]"
"R"," R", "215","08:01:07.336434","172.16.112.100","172.16.114.50","TCP","60","1073 → 80 [ACK] Seq=316 Ack=1687 Win=8760 Len=0"
"R"," R", "216","08:01:07.338221","172.16.114.50","172.16.112.100","TCP","1514","[TCP segment of a reassembled PDU]"
"R"," R", "217","08:01:07.354118","172.16.114.50","172.16.112.100","TCP","1514","[TCP segment of a reassembled PDU]"
"R"," R", "218","08:01:07.354315","172.16.112.100","172.16.114.50","TCP","60","1072 → 80 [ACK] Seq=317 Ack=1687 Win=8760 Len=0"
"R"," R", "219","08:01:07.356113","172.16.114.50","172.16.112.100","TCP","1514","[TCP segment of a reassembled PDU]"
"R"," R", "220","08:01:07.357363","172.16.114.50","172.16.112.100","TCP","1514","[TCP segment of a reassembled PDU]"
"R"," R", "221","08:01:07.357559","172.16.112.100","172.16.114.50","TCP","60","1072 → 80 [ACK] Seq=317 Ack=4607 Win=8760 Len=0"
"R"," R", "222","08:01:07.358158","172.16.114.50","172.16.112.100","HTTP","420","HTTP/1.0 200 OK  (GIF89a)"
"R"," R", "223","08:01:07.390890","172.16.112.100","172.16.114.50","TCP","60","1071 → 80 [ACK] Seq=318 Ack=10449 Win=8760 Len=0"
"R"," R", "224","08:01:07.392614","172.16.114.50","172.16.112.100","HTTP","1463","HTTP/1.0 200 OK  (JPEG JFIF image)"
"R"," R", "225","08:01:07.461038","172.16.112.100","172.16.114.50","TCP","60","1073 → 80 [ACK] Seq=316 Ack=3147 Win=8760 Len=0"
"R"," R", "226","08:01:07.461105","172.16.112.100","172.16.114.50","TCP","60","1070 → 80 [ACK] Seq=592 Ack=1859 Win=8534 Len=0"
"R"," R", "227","08:01:07.461752","172.16.114.50","172.16.112.100","HTTP","466","HTTP/1.0 200 OK  (GIF89a)"
"R"," R", "228","08:01:07.463097","172.16.114.50","172.16.112.100","HTTP","1477","HTTP/1.0 200 OK  (GIF87a)"
"R"," R", "229","08:01:07.570401","172.16.112.100","172.16.114.50","TCP","60","1071 → 80 [ACK] Seq=318 Ack=11858 Win=7351 Len=0"
"R"," R", "230","08:01:07.570460","172.16.112.100","172.16.114.50","TCP","60","1072 → 80 [ACK] Seq=317 Ack=4973 Win=8394 Len=0"
"R"," R", "231","08:01:07.604885","172.16.114.50","172.16.112.100","TCP","420","[TCP Spurious Retransmission] 80 → 1072 [PSH, ACK] Seq=4607 Ack=317 Win=31744 Len=366[Reassembly error, protocol TCP: New fragment overlaps old data (retransmission?)]"
"R"," R", "232","08:01:07.605017","172.16.112.100","172.16.114.50","TCP","60","[TCP Dup ACK 230#1] 1072 → 80 [ACK] Seq=317 Ack=4973 Win=8394 Len=0"
"R"," R", "233","08:01:07.679738","172.16.112.100","172.16.114.50","TCP","60","1073 → 80 [ACK] Seq=316 Ack=3559 Win=8348 Len=0"
"R"," R", "234","08:01:07.679805","172.16.112.100","172.16.114.50","TCP","60","1070 → 80 [ACK] Seq=592 Ack=3282 Win=8760 Len=0"
"R"," R", "235","08:01:07.895945","172.16.114.50","172.16.112.100","TCP","1477","[TCP Spurious Retransmission] 80 → 1070 [PSH, ACK] Seq=1859 Ack=592 Win=31744 Len=1423[Reassembly error, protocol TCP: New fragment overlaps old data (retransmission?)]"
"R"," R", "236","08:01:07.896102","172.16.112.100","172.16.114.50","TCP","60","[TCP Dup ACK 234#1] 1070 → 80 [ACK] Seq=592 Ack=3282 Win=8760 Len=0"
"R"," R", "237","08:01:09.024617","","","LOOP","60","Reply"
"R"," R", "238","08:01:13.182178","172.16.113.50","172.16.112.10","NTP","90","NTP Version 3, client"
"R"," R", "239","08:01:13.182658","172.16.112.10","172.16.113.50","NTP","90","NTP Version 3, server"
"R"," R", "240","08:01:14.691606","192.168.1.10","172.16.112.20","DNS","77","Standard query 0x1d7b A duck.eyrie.af.mil"
"R"," R", "241","08:01:14.692564","172.16.112.20","192.168.1.10","DNS","142","Standard query response 0x1d7b A duck.eyrie.af.mil A 172.16.113.84 NS hobbes.eyrie.af.mil A 172.16.112.20"
"R"," R", "242","08:01:14.700418","196.227.33.189","172.16.113.84","TCP","60","1104 → 25 [SYN] Seq=0 Win=512 Len=0 MSS=1460"
"R"," R", "243","08:01:14.700723","172.16.113.84","196.227.33.189","TCP","60","25 → 1104 [SYN, ACK] Seq=0 Ack=1 Win=32736 Len=0 MSS=1460"
"R"," R", "244","08:01:14.703594","196.227.33.189","172.16.113.84","TCP","60","1104 → 25 [ACK] Seq=1 Ack=1 Win=32120 Len=0"
"R"," R", "245","08:01:14.864103","172.16.112.20","192.168.1.10","DNS","87","Standard query 0x6761 PTR 189.33.227.196.in-addr.arpa"
"R"," R", "246","08:01:14.865662","192.168.1.10","172.16.112.20","DNS","156","Standard query response 0x6761 PTR 189.33.227.196.in-addr.arpa PTR saturn.kiwi.org NS ns.kiwi.org"
"R"," R", "247","08:01:14.867058","172.16.112.20","192.168.1.10","DNS","75","Standard query 0x6762 A saturn.kiwi.org"
"R"," R", "248","08:01:14.868109","192.168.1.10","172.16.112.20","DNS","129","Standard query response 0x6762 A saturn.kiwi.org A 196.227.33.189 NS saturn.kiwi.org A 196.227.33.189"
"R"," R", "249","08:01:14.922632","172.16.113.84","196.227.33.189","SMTP","138","S: 220 duck.eyrie.af.mil Sendmail 4.1/SMI-4.1 ready at Wed, 7 Apr 1999 08:01:18 -0400"
"R"," R", "250","08:01:14.935112","196.227.33.189","172.16.113.84","TCP","60","1104 → 25 [ACK] Seq=1 Ack=85 Win=32120 Len=0"
"R"," R", "251","08:01:14.960888","196.227.33.189","172.16.113.84","SMTP","76","C: EHLO saturn.kiwi.org"
"R"," R", "252","08:01:14.961197","172.16.113.84","196.227.33.189","SMTP","80","S: 500 Command unrecognized"
"R"," R", "253","08:01:14.962228","196.227.33.189","172.16.113.84","SMTP","76","C: HELO saturn.kiwi.org"
"R"," R", "254","08:01:14.962460","172.16.113.84","196.227.33.189","SMTP","98","S: 250 (saturn.kiwi.org) pleased to meet you."
"R"," R", "255","08:01:14.963322","196.227.33.189","172.16.113.84","SMTP","92","C: MAIL From:<tempests@saturn.kiwi.org>"
"R"," R", "256","08:01:14.963556","172.16.113.84","196.227.33.189","SMTP","99","S: 250 <tempests@saturn.kiwi.org>... Sender Ok"
"R"," R", "257","08:01:14.964459","196.227.33.189","172.16.113.84","SMTP","92","C: RCPT To:<adalheii@duck.eyrie.af.mil>"
"R"," R", "258","08:01:14.964680","172.16.113.84","196.227.33.189","SMTP","91","S: 250 <adalheii@duck.eyrie.af.mil> OK"
"R"," R", "259","08:01:14.965538","196.227.33.189","172.16.113.84","SMTP","60","C: DATA"
"R"," R", "260","08:01:14.967302","172.16.113.84","196.227.33.189","SMTP","104","S: 354 Enter mail, end with ." on a line by itself""
"R"," R", "261","08:01:14.969891","196.227.33.189","172.16.113.84","SMTP","1078","C: DATA fragment, 1024 bytes"
"R"," R", "262","08:01:14.971473","196.227.33.189","172.16.113.84","SMTP","1514","C: DATA fragment, 1460 bytes"
"R"," R", "263","08:01:14.972714","196.227.33.189","172.16.113.84","SMTP","1514","C: DATA fragment, 1460 bytes"
"R"," R", "264","08:01:14.973948","196.227.33.189","172.16.113.84","SMTP","1514","C: DATA fragment, 1460 bytes"
"R"," R", "265","08:01:14.975179","196.227.33.189","172.16.113.84","SMTP","1514","C: DATA fragment, 1460 bytes"
"R"," R", "266","08:01:14.976423","196.227.33.189","172.16.113.84","SMTP","1514","C: DATA fragment, 1460 bytes"
"R"," R", "267","08:01:14.977641","196.227.33.189","172.16.113.84","SMTP","1514","C: DATA fragment, 1460 bytes"
"R"," R", "268","08:01:14.978111","172.16.113.84","196.227.33.189","TCP","60","25 → 1104 [ACK] Seq=287 Ack=9911 Win=32736 Len=0"
"R"," R", "269","08:01:14.981178","196.227.33.189","172.16.113.84","SMTP","1514","C: DATA fragment, 1460 bytes"
"R"," R", "270","08:01:14.982410","196.227.33.189","172.16.113.84","SMTP","1514","C: DATA fragment, 1460 bytes"
"R"," R", "271","08:01:14.983642","196.227.33.189","172.16.113.84","SMTP","1514","C: DATA fragment, 1460 bytes"
"R"," R", "272","08:01:14.984886","196.227.33.189","172.16.113.84","SMTP","1514","C: DATA fragment, 1460 bytes"
"R"," R", "273","08:01:14.986107","196.227.33.189","172.16.113.84","SMTP","1514","C: DATA fragment, 1460 bytes"
"R"," R", "274","08:01:14.987339","196.227.33.189","172.16.113.84","SMTP","1514","C: DATA fragment, 1460 bytes"
"R"," R", "275","08:01:14.988574","196.227.33.189","172.16.113.84","SMTP","1514","C: DATA fragment, 1460 bytes"
"R"," R", "276","08:01:14.988689","172.16.113.84","196.227.33.189","TCP","60","25 → 1104 [ACK] Seq=287 Ack=18671 Win=27740 Len=0"
"R"," R", "277","08:01:14.989938","196.227.33.189","172.16.113.84","SMTP","1514","C: DATA fragment, 1460 bytes"
"R"," R", "278","08:01:14.991765","196.227.33.189","172.16.113.84","SMTP","1514","C: DATA fragment, 1460 bytes"
"R"," R", "279","08:01:14.998125","172.16.113.84","196.227.33.189","TCP","60","25 → 1104 [ACK] Seq=287 Ack=23051 Win=32120 Len=0"
"R"," R", "280","08:01:15.000035","196.227.33.189","172.16.113.84","IMF","833","subject: From any of The Algorithm is no,, , From any of The Algorithm is no, use in any Pc to write number is a of  , an system: you.  Fine.  Aug Edt version of D drive says flaws are  , being toward The something a can get the Neural network, is worth of a  , routine the kernel Compilation and at work my desk.  Second of  , Birmingham, great Fun!  Motif itself important tasks May be includes  , The expansion Cabinet: w.  We had to spend the void char Widget  , routine when network Management Tools languages on your responsibility  , as large is a code A acoustic sounds like is in for a and observations  , of The an interrupt Enable us by with The end of the project: is for  , use euclidean implementation of features and The performance model.   ,   , These things considered hacking or directory is up to one solution to  , train Test The Right hand, of Pennsylvania associate professor of the  , stuff Date.  Still get together with something to your ten billion  , years working today: is not by id Sat Edt by id Cosmic and Services at  , a powerful computers: was in the.   , Here is some uuencoded stuff  ,   , begin 644 foo91  , M5V%L;&%C92P@5&AE(&)O87)D(&AA<R!V97)Y(&QE9VET:6UA=&4@;&5G86P@  , M=&5R;7,@;V8@<V-A;FYE<B!A;F0@;6]R90IA8F]U=!/<&5R871I;VYA;"!I  "
"R"," R", "281","08:01:15.002567","172.16.113.84","196.227.33.189","SMTP","73","S: 250 Mail accepted"
"R"," R", "282","08:01:15.003307","196.227.33.189","172.16.113.84","SMTP","60","C: QUIT"
"R"," R", "283","08:01:15.003517","172.16.113.84","196.227.33.189","SMTP","78","S: 221 Closing connection"
"R"," R", "284","08:01:15.004552","172.16.113.84","196.227.33.189","TCP","60","25 → 1104 [FIN, ACK] Seq=330 Ack=23836 Win=32120 Len=0"
"R"," R", "285","08:01:15.005221","196.227.33.189","172.16.113.84","TCP","60","1104 → 25 [ACK] Seq=23836 Ack=331 Win=32120 Len=0"
"R"," R", "286","08:01:15.007883","192.168.1.10","172.16.112.20","DNS","78","Standard query 0x1d7c A finch.eyrie.af.mil"
"R"," R", "287","08:01:15.008862","172.16.112.20","192.168.1.10","DNS","143","Standard query response 0x1d7c A finch.eyrie.af.mil A 172.16.114.168 NS hobbes.eyrie.af.mil A 172.16.112.20"
"R"," R", "288","08:01:15.012242","196.227.33.189","172.16.113.84","TCP","60","1104 → 25 [FIN, ACK] Seq=23836 Ack=331 Win=32120 Len=0"
"R"," R", "289","08:01:15.012396","172.16.113.84","196.227.33.189","TCP","60","25 → 1104 [ACK] Seq=331 Ack=23837 Win=32120 Len=0"
"R"," R", "290","08:01:15.014800","196.227.33.189","172.16.114.168","TCP","60","1106 → 25 [SYN] Seq=0 Win=512 Len=0 MSS=1460"
"R"," R", "291","08:01:15.015057","172.16.114.168","196.227.33.189","TCP","60","25 → 1106 [SYN, ACK] Seq=0 Ack=1 Win=32736 Len=0 MSS=1460"
"R"," R", "292","08:01:15.015917","196.227.33.189","172.16.114.168","TCP","60","1106 → 25 [ACK] Seq=1 Ack=1 Win=32120 Len=0"
"R"," R", "293","08:01:16.020399","172.16.112.20","196.227.33.189","DNS","71","Standard query 0x6763 A ns.kiwi.org"
"R"," R", "294","08:01:16.021480","192.168.1.10","172.16.112.20","DNS","142","Standard query response 0x6763 A ns.kiwi.org SOA calvin.world.net"
"R"," R", "295","08:01:16.034413","172.16.114.168","196.227.33.189","SMTP","139","S: 220 finch.eyrie.af.mil Sendmail 4.1/SMI-4.1 ready at Wed, 7 Apr 1999 08:01:19 -0400"
"R"," R", "296","08:01:16.036985","196.227.33.189","172.16.114.168","SMTP","76","C: EHLO saturn.kiwi.org"
"R"," R", "297","08:01:16.037287","172.16.114.168","196.227.33.189","SMTP","80","S: 500 Command unrecognized"
"R"," R", "298","08:01:16.038125","196.227.33.189","172.16.114.168","SMTP","76","C: HELO saturn.kiwi.org"
"R"," R", "299","08:01:16.038346","172.16.114.168","196.227.33.189","SMTP","98","S: 250 (saturn.kiwi.org) pleased to meet you."
"R"," R", "300","08:01:16.039175","196.227.33.189","172.16.114.168","SMTP","92","C: MAIL From:<tempests@saturn.kiwi.org>"
"R"," R", "301","08:01:16.039401","172.16.114.168","196.227.33.189","SMTP","99","S: 250 <tempests@saturn.kiwi.org>... Sender Ok"
"R"," R", "302","08:01:16.040282","196.227.33.189","172.16.114.168","SMTP","91","C: RCPT To:<adeleo@finch.eyrie.af.mil>"
"R"," R", "303","08:01:16.040500","172.16.114.168","196.227.33.189","SMTP","90","S: 250 <adeleo@finch.eyrie.af.mil> OK"
"R"," R", "304","08:01:16.041330","196.227.33.189","172.16.114.168","SMTP","60","C: DATA"
"R"," R", "305","08:01:16.043055","172.16.114.168","196.227.33.189","SMTP","104","S: 354 Enter mail, end with ." on a line by itself""
"R"," R", "306","08:01:16.045728","196.227.33.189","172.16.114.168","SMTP","1078","C: DATA fragment, 1024 bytes"
"R"," R", "307","08:01:16.047311","196.227.33.189","172.16.114.168","SMTP","1514","C: DATA fragment, 1460 bytes"
"R"," R", "308","08:01:16.048551","196.227.33.189","172.16.114.168","SMTP","1514","C: DATA fragment, 1460 bytes"
"R"," R", "309","08:01:16.049784","196.227.33.189","172.16.114.168","SMTP","1514","C: DATA fragment, 1460 bytes"
"R"," R", "310","08:01:16.051019","196.227.33.189","172.16.114.168","SMTP","1514","C: DATA fragment, 1460 bytes"
"R"," R", "311","08:01:16.052261","196.227.33.189","172.16.114.168","SMTP","1514","C: DATA fragment, 1460 bytes"
"R"," R", "312","08:01:16.053482","196.227.33.189","172.16.114.168","SMTP","1514","C: DATA fragment, 1460 bytes"
"R"," R", "313","08:01:16.057902","172.16.114.168","196.227.33.189","TCP","60","25 → 1106 [ACK] Seq=287 Ack=9910 Win=32736 Len=0"
"R"," R", "314","08:01:16.060942","196.227.33.189","172.16.114.168","SMTP","1514","C: DATA fragment, 1460 bytes"
"R"," R", "315","08:01:16.062185","196.227.33.189","172.16.114.168","SMTP","1514","C: DATA fragment, 1460 bytes"
"R"," R", "316","08:01:16.063425","196.227.33.189","172.16.114.168","SMTP","1514","C: DATA fragment, 1460 bytes"
"R"," R", "317","08:01:16.064668","196.227.33.189","172.16.114.168","SMTP","1514","C: DATA fragment, 1460 bytes"
"R"," R", "318","08:01:16.065889","196.227.33.189","172.16.114.168","SMTP","1514","C: DATA fragment, 1460 bytes"
"R"," R", "319","08:01:16.067120","196.227.33.189","172.16.114.168","SMTP","1514","C: DATA fragment, 1460 bytes"
"R"," R", "320","08:01:16.068355","196.227.33.189","172.16.114.168","SMTP","1514","C: DATA fragment, 1460 bytes"
"R"," R", "321","08:01:16.068447","172.16.114.168","196.227.33.189","TCP","60","25 → 1106 [ACK] Seq=287 Ack=18670 Win=32736 Len=0"
"R"," R", "322","08:01:16.069678","196.227.33.189","172.16.114.168","SMTP","1514","C: DATA fragment, 1460 bytes"
"R"," R", "323","08:01:16.071553","196.227.33.189","172.16.114.168","SMTP","1514","C: DATA fragment, 1460 bytes"
"R"," R", "324","08:01:16.077925","172.16.114.168","196.227.33.189","TCP","60","25 → 1106 [ACK] Seq=287 Ack=23050 Win=32736 Len=0"
"R"," R", "325","08:01:16.079805","196.227.33.189","172.16.114.168","IMF","833","subject: From any of The Algorithm is no,, , From any of The Algorithm is no, use in any Pc to write number is a of  , an system: you.  Fine.  Aug Edt version of D drive says flaws are  , being toward The something a can get the Neural network, is worth of a  , routine the kernel Compilation and at work my desk.  Second of  , Birmingham, great Fun!  Motif itself important tasks May be includes  , The expansion Cabinet: w.  We had to spend the void char Widget  , routine when network Management Tools languages on your responsibility  , as large is a code A acoustic sounds like is in for a and observations  , of The an interrupt Enable us by with The end of the project: is for  , use euclidean implementation of features and The performance model.   ,   , These things considered hacking or directory is up to one solution to  , train Test The Right hand, of Pennsylvania associate professor of the  , stuff Date.  Still get together with something to your ten billion  , years working today: is not by id Sat Edt by id Cosmic and Services at  , a powerful computers: was in the.   , Here is some uuencoded stuff  ,   , begin 644 foo91  , M5V%L;&%C92P@5&AE(&)O87)D(&AA<R!V97)Y(&QE9VET:6UA=&4@;&5G86P@  , M=&5R;7,@;V8@<V-A;FYE<B!A;F0@;6]R90IA8F]U=!/<&5R871I;VYA;"!I  "
"R"," R", "326","08:01:16.096741","172.16.114.168","196.227.33.189","SMTP","73","S: 250 Mail accepted"
"R"," R", "327","08:01:16.097468","196.227.33.189","172.16.114.168","SMTP","60","C: QUIT"
"R"," R", "328","08:01:16.097675","172.16.114.168","196.227.33.189","SMTP","78","S: 221 Closing connection"
"R"," R", "329","08:01:16.098564","172.16.114.168","196.227.33.189","TCP","60","25 → 1106 [FIN, ACK] Seq=330 Ack=23835 Win=32736 Len=0"
"R"," R", "330","08:01:16.099242","196.227.33.189","172.16.114.168","TCP","60","1106 → 25 [ACK] Seq=23835 Ack=331 Win=32120 Len=0"
"R"," R", "331","08:01:16.101997","192.168.1.10","172.16.112.20","DNS","78","Standard query 0x1d7d A robin.eyrie.af.mil"
"R"," R", "332","08:01:16.118125","172.16.112.20","192.168.1.10","DNS","143","Standard query response 0x1d7d A robin.eyrie.af.mil A 172.16.112.207 NS hobbes.eyrie.af.mil A 172.16.112.20"
"R"," R", "333","08:01:16.121469","196.227.33.189","172.16.114.168","TCP","60","1106 → 25 [FIN, ACK] Seq=23835 Ack=331 Win=32120 Len=0"
"R"," R", "334","08:01:16.121635","172.16.114.168","196.227.33.189","TCP","60","25 → 1106 [ACK] Seq=331 Ack=23836 Win=32735 Len=0"
"R"," R", "335","08:01:16.123905","196.227.33.189","172.16.112.207","TCP","60","1107 → 25 [SYN] Seq=0 Win=512 Len=0 MSS=1460"
"R"," R", "336","08:01:16.124171","172.16.112.207","196.227.33.189","TCP","60","25 → 1107 [SYN, ACK] Seq=0 Ack=1 Win=32736 Len=0 MSS=1460"
"R"," R", "337","08:01:16.125021","196.227.33.189","172.16.112.207","TCP","60","1107 → 25 [ACK] Seq=1 Ack=1 Win=32120 Len=0"
"R"," R", "338","08:01:17.133718","172.16.112.207","196.227.33.189","SMTP","139","S: 220 robin.eyrie.af.mil Sendmail 4.1/SMI-4.1 ready at Wed, 7 Apr 1999 08:01:20 -0400"
"R"," R", "339","08:01:17.137178","196.227.33.189","172.16.112.207","SMTP","76","C: EHLO saturn.kiwi.org"
"R"," R", "340","08:01:17.137494","172.16.112.207","196.227.33.189","SMTP","80","S: 500 Command unrecognized"
"R"," R", "341","08:01:17.138343","196.227.33.189","172.16.112.207","SMTP","76","C: HELO saturn.kiwi.org"
"R"," R", "342","08:01:17.138571","172.16.112.207","196.227.33.189","SMTP","98","S: 250 (saturn.kiwi.org) pleased to meet you."
"R"," R", "343","08:01:17.139407","196.227.33.189","172.16.112.207","SMTP","92","C: MAIL From:<tempests@saturn.kiwi.org>"
"R"," R", "344","08:01:17.139639","172.16.112.207","196.227.33.189","SMTP","99","S: 250 <tempests@saturn.kiwi.org>... Sender Ok"
"R"," R", "345","08:01:17.140517","196.227.33.189","172.16.112.207","SMTP","90","C: RCPT To:<kyral@robin.eyrie.af.mil>"
"R"," R", "346","08:01:17.140737","172.16.112.207","196.227.33.189","SMTP","89","S: 250 <kyral@robin.eyrie.af.mil> OK"
"R"," R", "347","08:01:17.141577","196.227.33.189","172.16.112.207","SMTP","60","C: DATA"
"R"," R", "348","08:01:17.143310","172.16.112.207","196.227.33.189","SMTP","104","S: 354 Enter mail, end with ." on a line by itself""
"R"," R", "349","08:01:17.146147","196.227.33.189","172.16.112.207","SMTP","1078","C: DATA fragment, 1024 bytes"
"R"," R", "350","08:01:17.147728","196.227.33.189","172.16.112.207","SMTP","1514","C: DATA fragment, 1460 bytes"
"R"," R", "351","08:01:17.148973","196.227.33.189","172.16.112.207","SMTP","1514","C: DATA fragment, 1460 bytes"
"R"," R", "352","08:01:17.150239","196.227.33.189","172.16.112.207","SMTP","1514","C: DATA fragment, 1460 bytes"
"R"," R", "353","08:01:17.151470","196.227.33.189","172.16.112.207","SMTP","1514","C: DATA fragment, 1460 bytes"
"R"," R", "354","08:01:17.152711","196.227.33.189","172.16.112.207","SMTP","1514","C: DATA fragment, 1460 bytes"
"R"," R", "355","08:01:17.153934","196.227.33.189","172.16.112.207","SMTP","1514","C: DATA fragment, 1460 bytes"
"R"," R", "356","08:01:17.157650","172.16.112.207","196.227.33.189","TCP","60","25 → 1107 [ACK] Seq=286 Ack=9909 Win=32736 Len=0"
"R"," R", "357","08:01:17.160718","196.227.33.189","172.16.112.207","SMTP","1514","C: DATA fragment, 1460 bytes"
"R"," R", "358","08:01:17.161956","196.227.33.189","172.16.112.207","SMTP","1514","C: DATA fragment, 1460 bytes"
"R"," R", "359","08:01:17.163187","196.227.33.189","172.16.112.207","SMTP","1514","C: DATA fragment, 1460 bytes"
"R"," R", "360","08:01:17.164431","196.227.33.189","172.16.112.207","SMTP","1514","C: DATA fragment, 1460 bytes"
"R"," R", "361","08:01:17.165653","196.227.33.189","172.16.112.207","SMTP","1514","C: DATA fragment, 1460 bytes"
"R"," R", "362","08:01:17.166885","196.227.33.189","172.16.112.207","SMTP","1514","C: DATA fragment, 1460 bytes"
"R"," R", "363","08:01:17.168119","196.227.33.189","172.16.112.207","SMTP","1514","C: DATA fragment, 1460 bytes"
"R"," R", "364","08:01:17.168211","172.16.112.207","196.227.33.189","TCP","60","25 → 1107 [ACK] Seq=286 Ack=18669 Win=26280 Len=0"
"R"," R", "365","08:01:17.169442","196.227.33.189","172.16.112.207","SMTP","1514","C: DATA fragment, 1460 bytes"
"R"," R", "366","08:01:17.171313","196.227.33.189","172.16.112.207","SMTP","1514","C: DATA fragment, 1460 bytes"
"R"," R", "367","08:01:17.177661","172.16.112.207","196.227.33.189","TCP","60","25 → 1107 [ACK] Seq=286 Ack=23049 Win=26280 Len=0"
"R"," R", "368","08:01:17.179580","196.227.33.189","172.16.112.207","IMF","833","subject: From any of The Algorithm is no,, , From any of The Algorithm is no, use in any Pc to write number is a of  , an system: you.  Fine.  Aug Edt version of D drive says flaws are  , being toward The something a can get the Neural network, is worth of a  , routine the kernel Compilation and at work my desk.  Second of  , Birmingham, great Fun!  Motif itself important tasks May be includes  , The expansion Cabinet: w.  We had to spend the void char Widget  , routine when network Management Tools languages on your responsibility  , as large is a code A acoustic sounds like is in for a and observations  , of The an interrupt Enable us by with The end of the project: is for  , use euclidean implementation of features and The performance model.   ,   , These things considered hacking or directory is up to one solution to  , train Test The Right hand, of Pennsylvania associate professor of the  , stuff Date.  Still get together with something to your ten billion  , years working today: is not by id Sat Edt by id Cosmic and Services at  , a powerful computers: was in the.   , Here is some uuencoded stuff  ,   , begin 644 foo91  , M5V%L;&%C92P@5&AE(&)O87)D(&AA<R!V97)Y(&QE9VET:6UA=&4@;&5G86P@  , M=&5R;7,@;V8@<V-A;FYE<B!A;F0@;6]R90IA8F]U=!/<&5R871I;VYA;"!I  "
"R"," R", "369","08:01:17.193304","172.16.112.207","196.227.33.189","SMTP","73","S: 250 Mail accepted"
"R"," R", "370","08:01:17.194049","196.227.33.189","172.16.112.207","SMTP","60","C: QUIT"
"R"," R", "371","08:01:17.194262","172.16.112.207","196.227.33.189","SMTP","78","S: 221 Closing connection"
"R"," R", "372","08:01:17.195139","172.16.112.207","196.227.33.189","TCP","60","25 → 1107 [FIN, ACK] Seq=329 Ack=23834 Win=32120 Len=0"
"R"," R", "373","08:01:17.195813","196.227.33.189","172.16.112.207","TCP","60","1107 → 25 [ACK] Seq=23834 Ack=330 Win=32120 Len=0"
"R"," R", "374","08:01:17.200279","192.168.1.10","172.16.112.20","DNS","79","Standard query 0x1d7e A pigeon.eyrie.af.mil"
"R"," R", "375","08:01:17.201213","172.16.112.20","192.168.1.10","DNS","144","Standard query response 0x1d7e A pigeon.eyrie.af.mil A 172.16.114.207 NS hobbes.eyrie.af.mil A 172.16.112.20"
"R"," R", "376","08:01:17.204859","196.227.33.189","172.16.112.207","TCP","60","1107 → 25 [FIN, ACK] Seq=23834 Ack=330 Win=32120 Len=0"
"R"," R", "377","08:01:17.205069","172.16.112.207","196.227.33.189","TCP","60","25 → 1107 [ACK] Seq=330 Ack=23835 Win=32120 Len=0"
"R"," R", "378","08:01:17.207372","196.227.33.189","172.16.114.207","TCP","60","1108 → 25 [SYN] Seq=0 Win=512 Len=0 MSS=1460"
"R"," R", "379","08:01:17.207664","172.16.114.207","196.227.33.189","TCP","60","25 → 1108 [SYN, ACK] Seq=0 Ack=1 Win=32736 Len=0 MSS=1460"
"R"," R", "380","08:01:17.208486","196.227.33.189","172.16.114.207","TCP","60","1108 → 25 [ACK] Seq=1 Ack=1 Win=32120 Len=0"
"R"," R", "381","08:01:18.212596","172.16.114.207","196.227.33.189","SMTP","138","S: 220 pigeon.eyrie.af.mil ESMTP Sendmail 8.8.7/8.8.7; Wed, 7 Apr 1999 08:01:22 -0400"
"R"," R", "382","08:01:18.216141","196.227.33.189","172.16.114.207","SMTP","76","C: EHLO saturn.kiwi.org"
"R"," R", "383","08:01:18.223628","172.16.114.207","196.227.33.189","SMTP","80","S: 500 Command unrecognized"
"R"," R", "384","08:01:18.224500","196.227.33.189","172.16.114.207","SMTP","76","C: HELO saturn.kiwi.org"
"R"," R", "385","08:01:18.224765","172.16.114.207","196.227.33.189","SMTP","98","S: 250 (saturn.kiwi.org) pleased to meet you."
"R"," R", "386","08:01:18.225608","196.227.33.189","172.16.114.207","SMTP","92","C: MAIL From:<tempests@saturn.kiwi.org>"
"R"," R", "387","08:01:18.225842","172.16.114.207","196.227.33.189","SMTP","99","S: 250 <tempests@saturn.kiwi.org>... Sender Ok"
"R"," R", "388","08:01:18.226736","196.227.33.189","172.16.114.207","SMTP","93","C: RCPT To:<kirstym@pigeon.eyrie.af.mil>"
"R"," R", "389","08:01:18.226959","172.16.114.207","196.227.33.189","SMTP","92","S: 250 <kirstym@pigeon.eyrie.af.mil> OK"
"R"," R", "390","08:01:18.227793","196.227.33.189","172.16.114.207","SMTP","92","C: RCPT To:<tigera@pigeon.eyrie.af.mil>"
"R"," R", "391","08:01:18.228017","172.16.114.207","196.227.33.189","SMTP","91","S: 250 <tigera@pigeon.eyrie.af.mil> OK"
"R"," R", "392","08:01:18.228849","196.227.33.189","172.16.114.207","SMTP","60","C: DATA"
"R"," R", "393","08:01:18.230620","172.16.114.207","196.227.33.189","SMTP","104","S: 354 Enter mail, end with ." on a line by itself""
"R"," R", "394","08:01:18.233508","196.227.33.189","172.16.114.207","SMTP","1078","C: DATA fragment, 1024 bytes"
"R"," R", "395","08:01:18.235042","196.227.33.189","172.16.114.207","SMTP","1514","C: DATA fragment, 1460 bytes"
"R"," R", "396","08:01:18.236295","196.227.33.189","172.16.114.207","SMTP","1514","C: DATA fragment, 1460 bytes"
"R"," R", "397","08:01:18.237527","196.227.33.189","172.16.114.207","SMTP","1514","C: DATA fragment, 1460 bytes"
"R"," R", "398","08:01:18.237621","172.16.114.207","196.227.33.189","TCP","60","25 → 1108 [ACK] Seq=325 Ack=4110 Win=32736 Len=0"
"R"," R", "399","08:01:18.238854","196.227.33.189","172.16.114.207","SMTP","1514","C: DATA fragment, 1460 bytes"
"R"," R", "400","08:01:18.240095","196.227.33.189","172.16.114.207","SMTP","1514","C: DATA fragment, 1460 bytes"
"R"," R", "401","08:01:18.241317","196.227.33.189","172.16.114.207","SMTP","1514","C: DATA fragment, 1460 bytes"
"R"," R", "402","08:01:18.242846","196.227.33.189","172.16.114.207","SMTP","1514","C: DATA fragment, 1460 bytes"
"R"," R", "403","08:01:18.244393","196.227.33.189","172.16.114.207","SMTP","1514","C: DATA fragment, 1460 bytes"
"R"," R", "404","08:01:18.245625","196.227.33.189","172.16.114.207","SMTP","1514","C: DATA fragment, 1460 bytes"
"R"," R", "405","08:01:18.246866","196.227.33.189","172.16.114.207","SMTP","1514","C: DATA fragment, 1460 bytes"
"R"," R", "406","08:01:18.248090","196.227.33.189","172.16.114.207","SMTP","1514","C: DATA fragment, 1460 bytes"
"R"," R", "407","08:01:18.248160","172.16.114.207","196.227.33.189","TCP","60","25 → 1108 [ACK] Seq=325 Ack=15790 Win=32736 Len=0"
"R"," R", "408","08:01:18.251241","196.227.33.189","172.16.114.207","SMTP","1514","C: DATA fragment, 1460 bytes"
"R"," R", "409","08:01:18.252481","196.227.33.189","172.16.114.207","SMTP","1514","C: DATA fragment, 1460 bytes"
"R"," R", "410","08:01:18.253725","196.227.33.189","172.16.114.207","SMTP","1514","C: DATA fragment, 1460 bytes"
"R"," R", "411","08:01:18.254967","196.227.33.189","172.16.114.207","SMTP","1514","C: DATA fragment, 1460 bytes"
"R"," R", "412","08:01:18.257433","172.16.114.207","196.227.33.189","TCP","60","25 → 1108 [ACK] Seq=325 Ack=23090 Win=29200 Len=0"
"R"," R", "413","08:01:18.259346","196.227.33.189","172.16.114.207","IMF","833","subject: From any of The Algorithm is no,, , From any of The Algorithm is no, use in any Pc to write number is a of  , an system: you.  Fine.  Aug Edt version of D drive says flaws are  , being toward The something a can get the Neural network, is worth of a  , routine the kernel Compilation and at work my desk.  Second of  , Birmingham, great Fun!  Motif itself important tasks May be includes  , The expansion Cabinet: w.  We had to spend the void char Widget  , routine when network Management Tools languages on your responsibility  , as large is a code A acoustic sounds like is in for a and observations  , of The an interrupt Enable us by with The end of the project: is for  , use euclidean implementation of features and The performance model.   ,   , These things considered hacking or directory is up to one solution to  , train Test The Right hand, of Pennsylvania associate professor of the  , stuff Date.  Still get together with something to your ten billion  , years working today: is not by id Sat Edt by id Cosmic and Services at  , a powerful computers: was in the.   , Here is some uuencoded stuff  ,   , begin 644 foo91  , M5V%L;&%C92P@5&AE(&)O87)D(&AA<R!V97)Y(&QE9VET:6UA=&4@;&5G86P@  , M=&5R;7,@;V8@<V-A;FYE<B!A;F0@;6]R90IA8F]U=!/<&5R871I;VYA;"!I  "
"R"," R", "414","08:01:18.272811","172.16.114.207","196.227.33.189","SMTP","73","S: 250 Mail accepted"
"R"," R", "415","08:01:18.273553","196.227.33.189","172.16.114.207","SMTP","60","C: QUIT"
"R"," R", "416","08:01:18.273792","172.16.114.207","196.227.33.189","SMTP","78","S: 221 Closing connection"
"R"," R", "417","08:01:18.274668","172.16.114.207","196.227.33.189","TCP","60","25 → 1108 [FIN, ACK] Seq=368 Ack=23875 Win=32120 Len=0"
"R"," R", "418","08:01:18.275336","196.227.33.189","172.16.114.207","TCP","60","1108 → 25 [ACK] Seq=23875 Ack=369 Win=32120 Len=0"
"R"," R", "419","08:01:18.277010","196.227.33.189","172.16.114.207","TCP","60","1108 → 25 [FIN, ACK] Seq=23875 Ack=369 Win=32120 Len=0"
"R"," R", "420","08:01:18.277165","172.16.114.207","196.227.33.189","TCP","60","25 → 1108 [ACK] Seq=369 Ack=23876 Win=32120 Len=0"
"R"," R", "421","08:01:19.022400","","","LOOP","60","Reply"
"R"," R", "422","08:01:19.457747","172.16.112.20","196.227.33.189","DNS","71","Standard query 0x6763 A ns.kiwi.org"
"R"," R", "423","08:01:19.459449","192.168.1.10","172.16.112.20","DNS","142","Standard query response 0x6763 A ns.kiwi.org SOA calvin.world.net"
"R"," R", "424","08:01:21.187576","172.16.112.20","172.16.255.255","RIPv1","66","Response"
"R"," R", "425","08:01:21.187788","172.16.112.20","172.16.118.255","RIPv1","66","Response"
"R"," R", "426","08:01:22.391552","172.16.114.50","172.16.112.100","TCP","60","80 → 1070 [FIN, ACK] Seq=3282 Ack=592 Win=31744 Len=0"
"R"," R", "427","08:01:22.391706","172.16.112.100","172.16.114.50","TCP","60","1070 → 80 [ACK] Seq=592 Ack=3283 Win=8760 Len=0"
"R"," R", "428","08:01:22.392084","172.16.114.50","172.16.112.100","TCP","60","80 → 1072 [FIN, ACK] Seq=4973 Ack=317 Win=31744 Len=0"
"R"," R", "429","08:01:22.392228","172.16.112.100","172.16.114.50","TCP","60","1072 → 80 [ACK] Seq=317 Ack=4974 Win=8394 Len=0"
"R"," R", "430","08:01:22.392589","172.16.114.50","172.16.112.100","TCP","60","80 → 1073 [FIN, ACK] Seq=3559 Ack=316 Win=31744 Len=0"
"R"," R", "431","08:01:22.392729","172.16.112.100","172.16.114.50","TCP","60","1073 → 80 [ACK] Seq=316 Ack=3560 Win=8348 Len=0"
"R"," R", "432","08:01:22.393081","172.16.114.50","172.16.112.100","TCP","60","80 → 1071 [FIN, ACK] Seq=11858 Ack=318 Win=31744 Len=0"
"R"," R", "433","08:01:22.393223","172.16.112.100","172.16.114.50","TCP","60","1071 → 80 [ACK] Seq=318 Ack=11859 Win=7351 Len=0"
"R"," R", "434","08:01:24.463087","172.16.0.1","224.0.0.9","RIPv2","86","Response"
"R"," R", "435","08:01:24.993150","172.16.112.100","172.16.114.50","TCP","60","1071 → 80 [FIN, ACK] Seq=318 Ack=11859 Win=7351 Len=0"
"R"," R", "436","08:01:24.993379","172.16.114.50","172.16.112.100","TCP","60","80 → 1071 [ACK] Seq=11859 Ack=319 Win=31744 Len=0"
"R"," R", "437","08:01:24.997387","172.16.112.100","172.16.112.20","DNS","71","Standard query 0x0002 A www.acm.org"
"R"," R", "438","08:01:24.998283","172.16.112.20","192.168.1.10","DNS","71","Standard query 0x6766 A www.acm.org"
"R"," R", "439","08:01:24.999993","192.168.1.10","172.16.112.20","DNS","115","Standard query response 0x6766 A www.acm.org NS aesop.world.net A 192.168.1.20"
"R"," R", "440","08:01:25.000639","172.16.112.20","172.16.112.100","DNS","71","Standard query response 0x0002 Server failure A www.acm.org"
"R"," R", "441","08:01:25.001853","172.16.112.100","172.16.112.20","DNS","84","Standard query 0x0003 A www.acm.org.eyrie.af.mil"
"R"," R", "442","08:01:25.002301","172.16.112.20","172.16.112.100","DNS","150","Standard query response 0x0003 No such name A www.acm.org.eyrie.af.mil SOA hobbes.eyrie.af.mil"
"R"," R", "443","08:01:25.004338","172.16.112.100","172.16.112.20","DNS","78","Standard query 0x0004 A www.acm.org.af.mil"
"R"," R", "444","08:01:25.004702","172.16.112.20","192.168.1.10","DNS","78","Standard query 0x6767 A www.acm.org.af.mil"
"R"," R", "445","08:01:25.005717","192.168.1.10","172.16.112.20","DNS","122","Standard query response 0x6767 A www.acm.org.af.mil NS aesop.world.net A 192.168.1.20"
"R"," R", "446","08:01:25.006101","172.16.112.20","172.16.112.100","DNS","78","Standard query response 0x0004 Server failure A www.acm.org.af.mil"
"R"," R", "447","08:01:25.006837","172.16.112.100","172.16.255.255","NBNS","92","Name query NB WWW.ACM.ORG<00>"
"R"," R", "448","08:01:25.754749","172.16.112.100","172.16.255.255","NBNS","92","Name query NB WWW.ACM.ORG<00>"
"R"," R", "449","08:01:26.504598","172.16.112.100","172.16.255.255","NBNS","92","Name query NB WWW.ACM.ORG<00>"
"R"," R", "450","08:01:27.255063","172.16.112.100","172.16.112.20","DNS","71","Standard query 0x000a A www.acm.org"
"R"," R", "451","08:01:27.256119","172.16.112.20","192.168.1.10","DNS","71","Standard query 0x6768 A www.acm.org"
"R"," R", "452","08:01:27.256324","172.16.112.20","196.227.33.189","DNS","71","Standard query 0x6763 A ns.kiwi.org"
"R"," R", "453","08:01:27.257881","192.168.1.10","172.16.112.20","DNS","115","Standard query response 0x6768 A www.acm.org NS aesop.world.net A 192.168.1.20"
"R"," R", "454","08:01:27.258315","192.168.1.10","172.16.112.20","DNS","142","Standard query response 0x6763 A ns.kiwi.org SOA calvin.world.net"
"R"," R", "455","08:01:27.258396","172.16.112.20","172.16.112.100","DNS","71","Standard query response 0x000a Server failure A www.acm.org"
"R"," R", "456","08:01:27.259111","172.16.112.100","172.16.112.20","DNS","84","Standard query 0x000b A www.acm.org.eyrie.af.mil"
"R"," R", "457","08:01:27.259546","172.16.112.20","172.16.112.100","DNS","150","Standard query response 0x000b No such name A www.acm.org.eyrie.af.mil SOA hobbes.eyrie.af.mil"
"R"," R", "458","08:01:27.260212","172.16.112.100","172.16.112.20","DNS","78","Standard query 0x000c A www.acm.org.af.mil"
"R"," R", "459","08:01:27.260578","172.16.112.20","192.168.1.10","DNS","78","Standard query 0x6769 A www.acm.org.af.mil"
"R"," R", "460","08:01:27.261591","192.168.1.10","172.16.112.20","DNS","122","Standard query response 0x6769 A www.acm.org.af.mil NS aesop.world.net A 192.168.1.20"
"R"," R", "461","08:01:27.261960","172.16.112.20","172.16.112.100","DNS","78","Standard query response 0x000c Server failure A www.acm.org.af.mil"
"R"," R", "462","08:01:29.020214","","","LOOP","60","Reply"
"R"," R", "463","08:01:33.089721","172.16.112.50","172.16.112.10","NTP","90","NTP Version 3, client"
"R"," R", "464","08:01:33.090180","172.16.112.10","172.16.112.50","NTP","90","NTP Version 3, server"
"R"," R", "465","08:01:34.785504","172.16.112.100","172.16.255.255","BROWSER","243","Local Master Announcement HUME, Workstation, Server, Domain Controller, NT Workstation, Master Browser"
"R"," R", "466","08:01:39.018053","","","LOOP","60","Reply"
"R"," R", "467","08:01:49.015880","","","LOOP","60","Reply"
"R"," R", "468","08:01:51.180773","172.16.112.20","172.16.255.255","RIPv1","66","Response"
"R"," R", "469","08:01:51.180916","172.16.112.20","172.16.118.255","RIPv1","66","Response"
"R"," R", "470","08:01:54.365497","172.16.0.1","224.0.0.9","RIPv2","86","Response"
"R"," R", "471","08:01:59.201831","","","LOOP","60","Reply"
"R"," R", "472","08:02:04.425507","","","CDP","324","Device ID: loud.eyrie.af.mil.eyrie.af.mil  Port ID: Ethernet1  "
"R"," R", "473","08:02:04.719755","172.16.115.234","172.16.112.100","NBNS","110","Refresh NB PC0<03>"
"R"," R", "474","08:02:06.221397","172.16.115.234","172.16.112.100","NBNS","110","Refresh NB PC0<03>"
"R"," R", "475","08:02:06.408145","172.16.112.20","172.16.112.10","NTP","90","NTP Version 3, client"
"R"," R", "476","08:02:06.408605","172.16.112.10","172.16.112.20","NTP","90","NTP Version 3, server"
"R"," R", "477","08:02:06.409565","172.16.112.100","172.16.112.10","NTP","90","NTP Version 1, client"
"R"," R", "478","08:02:06.409883","172.16.112.10","172.16.112.100","NTP","90","NTP Version 1, server"
"R"," R", "479","08:02:07.723022","172.16.115.234","172.16.112.100","NBNS","110","Refresh NB PC0<03>"
"R"," R", "480","08:02:07.742264","172.16.114.50","172.16.112.10","NTP","90","NTP Version 3, client"
"R"," R", "481","08:02:07.742654","172.16.112.10","172.16.114.50","NTP","90","NTP Version 3, server"
"R"," R", "482","08:02:09.199431","","","LOOP","60","Reply"
"R"," R", "483","08:02:11.969714","172.16.112.100","172.16.255.255","SMB_NETLOGON","324","LM1.0 Query - Distributed Initialization"
"R"," R", "484","08:02:17.150403","172.16.113.50","172.16.112.10","NTP","90","NTP Version 3, client"
"R"," R", "485","08:02:17.150881","172.16.112.10","172.16.113.50","NTP","90","NTP Version 3, server"
"R"," R", "486","08:02:19.197217","","","LOOP","60","Reply"
"R"," R", "487","08:02:21.174769","172.16.112.20","172.16.255.255","RIPv1","66","Response"
"R"," R", "488","08:02:21.174977","172.16.112.20","172.16.118.255","RIPv1","66","Response"
"R"," R", "489","08:02:22.026400","172.16.0.1","224.0.0.9","RIPv2","86","Response"
